-- phpMyAdmin SQL Dump
-- version 5.1.1
-- https://www.phpmyadmin.net/
--
-- Hôte : 127.0.0.1
-- Généré le : ven. 05 déc. 2025 à 18:12
-- Version du serveur : 10.4.21-MariaDB
-- Version de PHP : 7.3.31

SET SQL_MODE = "NO_AUTO_VALUE_ON_ZERO";
START TRANSACTION;
SET time_zone = "+00:00";


/*!40101 SET @OLD_CHARACTER_SET_CLIENT=@@CHARACTER_SET_CLIENT */;
/*!40101 SET @OLD_CHARACTER_SET_RESULTS=@@CHARACTER_SET_RESULTS */;
/*!40101 SET @OLD_COLLATION_CONNECTION=@@COLLATION_CONNECTION */;
/*!40101 SET NAMES utf8mb4 */;

--
-- Base de données : `grandprojet`
--

-- --------------------------------------------------------

--
-- Structure de la table `appeloffre`
--

CREATE TABLE `appeloffre` (
  `idApp` int(11) NOT NULL,
  `idPro` int(11) NOT NULL,
  `dateCreation` date NOT NULL
) ENGINE=InnoDB DEFAULT CHARSET=utf8;

-- --------------------------------------------------------

--
-- Structure de la table `commission`
--

CREATE TABLE `commission` (
  `idCom` int(11) NOT NULL,
  `numCommission` int(10) NOT NULL,
  `dateCommission` date NOT NULL
) ENGINE=InnoDB DEFAULT CHARSET=utf8;

--
-- Déchargement des données de la table `commission`
--

INSERT INTO `commission` (`idCom`, `numCommission`, `dateCommission`) VALUES
(1, 1, '2025-01-15'),
(2, 3, '2025-02-27'),
(3, 4, '2025-12-04'),
(4, 5, '2025-06-24'),
(5, 7, '2025-12-05');

-- --------------------------------------------------------

--
-- Structure de la table `document`
--

CREATE TABLE `document` (
  `idDoc` int(11) NOT NULL,
  `idPro` int(11) DEFAULT NULL,
  `libDoc` varchar(200) NOT NULL,
  `cheminAcces` varchar(400) NOT NULL,
  `type` int(11) NOT NULL,
  `idExterne` int(11) NOT NULL
) ENGINE=InnoDB DEFAULT CHARSET=utf8;

--
-- Déchargement des données de la table `document`
--

INSERT INTO `document` (`idDoc`, `idPro`, `libDoc`, `cheminAcces`, `type`, `idExterne`) VALUES
(1, 6, 'التقرير الرقابي مشروع اقتناء 30 عربة مترو.', '../uploads/documents/doc_6_1764003257.pdf', 1, 6),
(2, 7, 'مشروع منصة أسواق الإنتاج الوسط', '../uploads/documents/doc_7_1764005866.pdf', 1, 7),
(3, 6, 'التقرير الرقابي مشروع اقتناء 30 عربة مترو.', '../uploads/documents/taqrir_6_1764170400.pdf', 11, 6),
(4, 7, 'ت ق منصة أسواق الإنتاج الوسط', '../uploads/documents/taqrir_7_1764170961.pdf', 11, 7),
(5, 8, 'مقترح بناء المستشفى الجهوي ببئر على بن خليفة', '../uploads/documents/doc_8_1764171106.pdf', 1, 8),
(6, 8, 'ت ر لبناء المستشفى الجهوي ببئر على بن خليفة', '../uploads/documents/taqrir_8_1764171131.pdf', 11, 8),
(7, 9, 'مشروع دعم اسس و هياكل المبني الرئيسي بالمستشفي الجامعي الهادي شاكر', '../uploads/documents/doc_9_1764171253.pdf', 1, 9),
(8, 9, 'ت ق مشروع دعم اسس و هياكل المبني الرئيسي بالمستشفي الجامعي الهادي شاكر', '../uploads/documents/taqrir_9_1764171275.pdf', 11, 9),
(9, 10, 'مشروع بناء المستشفى الجهوي صنف ب بسبيطلة', '../uploads/documents/doc_10_1764171563.pdf', 1, 10),
(10, 10, 'ت ر مشروع بناء المستشفى الجهوي صنف ب بسبيطلة', '../uploads/documents/taqrir_10_1764171598.pdf', 11, 10),
(11, 11, 'مشروع بناء المستشفى الجهوي صنف ب نفطة', '../uploads/documents/doc_11_1764171844.pdf', 1, 11),
(12, 11, 'ت ر مشروع بناء المستشفى الجهوي صنف ب نفطة', '../uploads/documents/taqrir_11_1764171877.pdf', 11, 11),
(13, 12, 'مشروع تهيئة الملعب الأولمبي بالمنزه', '../uploads/documents/doc_12_1764172085.pdf', 1, 12),
(14, 12, 'ت ر مشروع تهيئة الملعب الأولمبي بالمنزه', '../uploads/documents/taqrir_12_1764172103.pdf', 11, 12),
(15, 13, 'بناء الموارد التكنولوجية بالقطب التكنولوجي بسيدي ثابت', '../uploads/documents/doc_13_1764172381.pdf', 1, 13),
(16, 13, 'ت ر بناء الموارد التكنولوجية بالقطب التكنولوجي بسيدي ثابت', '../uploads/documents/taqrir_13_1764172420.pdf', 11, 13),
(17, 14, 'مشروع بناء مدينة الأغالبة الطبية بالقيروان.', '../uploads/documents/doc_14_1764172986.pdf', 1, 14),
(18, 14, 'ت ر مشروع بناء مدينة الأغالبة الطبية بالقيروان.', '../uploads/documents/taqrir_14_1764173007.pdf', 11, 14),
(19, 15, 'اقتناء أبراج امتصاص الحامض الكبريتي', '../uploads/documents/doc_15_1764173453.pdf', 1, 15),
(20, 15, 'ت ر  اقتناء أبراج امتصاص الحامض الكبريتي', '../uploads/documents/taqrir_15_1764173469.pdf', 11, 15),
(21, 16, 'وحدة تحلية المياه بالتناضح العكسي', '../uploads/documents/doc_16_1764173662.pdf', 1, 16),
(22, 16, 'ت ر وحدة تحلية المياه بالتناضح العكسي', '../uploads/documents/taqrir_16_1764173680.pdf', 11, 16),
(23, 17, 'وحدة تحلية المياه بالتناضح العكسي', '../uploads/documents/doc_17_1764173811.pdf', 1, 17),
(24, 17, 'ت ر وحدة تحلية المياه بالتناضح العكسي', '../uploads/documents/taqrir_17_1764173835.pdf', 11, 17),
(25, 18, 'مشروع اقتناء عنفتين بخاريتيْن كاملتيْ', '../uploads/documents/doc_18_1764174042.pdf', 1, 18),
(26, 18, 'ت ر اقتناء عنفتين بخاريتيْن كاملتيْن', '../uploads/documents/taqrir_18_1764174082.pdf', 11, 18),
(27, 19, 'اقتناء مرشّحيْن للحامض الفسفوري', '../uploads/documents/doc_19_1764174245.pdf', 1, 19),
(28, 19, 'ت ر اقتناء مرشّحيْن للحامض الفسفوري', '../uploads/documents/taqrir_19_1764174266.pdf', 11, 19),
(29, 20, 'وحدة الحامض الكبريتي', '../uploads/documents/doc_20_1764174476.pdf', 1, 20),
(30, 20, 'ت ر وحدة الحامض الكبريتي', '../uploads/documents/taqrir_20_1764174494.pdf', 11, 20),
(31, 21, 'تحويل وحدات الحامض الكبريتي', '../uploads/documents/doc_21_1764174627.pdf', 1, 21),
(32, 21, 'ت ر  تحويل وحدات الحامض الكبريتي', '../uploads/documents/taqrir_21_1764174641.pdf', 11, 21),
(33, 22, 'تهيئة مصب لتكديس الفسفوجيبس', '../uploads/documents/doc_22_1764174844.pdf', 1, 22),
(34, 22, 'ت ر  تهيئة مصب لتكديس الفسفوجيبس', '../uploads/documents/taqrir_22_1764174860.pdf', 11, 22),
(35, 23, 'طرق تخزين و نقل الفسفوجيبس', '../uploads/documents/doc_22_1764174844.pdf', 1, 23),
(36, 23, 'ت ر  طرق تخزين و نقل الفسفوجيبس', '../uploads/documents/taqrir_23_1764174983.pdf', 11, 23),
(37, 24, 'إنجاز وحدة لصناعة الأسمدة المُحبّبة', '../uploads/documents/doc_24_1764256302.pdf', 1, 24),
(38, 24, 'وحدة لصناعة الأسمدة المُحبّبة', '../uploads/documents/taqrir_24_1764257856.pdf', 11, 24),
(39, 25, 'تجديد وحدات في سلسلة إنتاج ثلاثي الفسفاط الرّفيع', '../uploads/documents/doc_25_1764258008.pdf', 1, 25),
(40, 25, 'ت ر تجديد وحدات في سلسلة إنتاج', '../uploads/documents/taqrir_25_1764258045.pdf', 11, 25),
(41, 26, 'مشروع نموذجي لإنتاج الأمونيا الخضراء بمعمل الأمونيترات', '../uploads/documents/doc_26_1764258203.pdf', 1, 26),
(42, 26, 'ت ر مشروع نموذجي لإنتاج الأمونيا الخضراء بمعمل الأمونيترات', '../uploads/documents/taqrir_26_1764258219.pdf', 11, 26),
(43, 27, 'مشروع وحدة الحامض الفسفوري المُنقّى بالصخيرة', '../uploads/documents/doc_27_1764258336.pdf', 1, 27),
(44, 27, 'وحدة الحامض الفسفوري', '../uploads/documents/taqrir_27_1764258356.pdf', 11, 27),
(45, 28, 'مشاريع القسط الثالث والملاحق لمعمل المظيلة 2', '../uploads/documents/doc_28_1764258454.pdf', 1, 28),
(46, 28, 'مشاريع القسط الثالث والملاحق لمعمل  المظيلة 2', '../uploads/documents/taqrir_28_1764258494.pdf', 11, 28),
(47, 29, 'مغسلة جديدة بمنطقة أم الخشب', '../uploads/documents/doc_29_1764258710.pdf', 1, 29),
(48, 29, 'ت ر مغسلة جديدة بمنطقة أم الخشب', '../uploads/documents/taqrir_29_1764258785.pdf', 11, 29),
(49, 30, 'مشروع الآبار التعويضية للمياه الصناعية.', '../uploads/documents/doc_30_1764258963.pdf', 1, 30),
(50, 30, 'ت ر مشروع الآبار التعويضية للمياه الصناعية', '../uploads/documents/taqrir_30_1764259029.pdf', 11, 30),
(51, 31, 'ت ر وحدة ترشيح ذات ضغط عالي', '../uploads/documents/doc_31_1764259147.pdf', 1, 31),
(52, 31, 'ت ر وحدة ترشيح ذات ضغط', '../uploads/documents/taqrir_31_1764259191.pdf', 11, 31),
(53, 32, 'مشروع اقتناء اليات منجمية', '../uploads/documents/doc_32_1764259279.pdf', 1, 32),
(54, 32, 'ت ر مشروع اقتناء اليات منجمية', '../uploads/documents/taqrir_32_1764259333.pdf', 11, 32),
(55, 33, 'مشروع توزر نفطة للفسفاط', '../uploads/documents/doc_33_1764259413.pdf', 1, 33),
(56, 33, 'ت ر مشروع توزر نفطة للفسفاط', '../uploads/documents/taqrir_33_1764259443.pdf', 11, 33),
(57, 34, 'وحدة الإنتاج الجديدة بأم الخشب 2', '../uploads/documents/doc_34_1764259530.pdf', 1, 34),
(58, 34, 'ت ر وحدة الإنتاج الجديدة بأم الخشب 2', '../uploads/documents/taqrir_34_1764259599.pdf', 11, 34),
(59, 35, 'للنقل الهيدروليكي للفسفـاط', '../uploads/documents/doc_35_1764259720.pdf', 1, 35),
(60, 35, 'ت ر للنقل الهيدروليكي للفسفـاط', '../uploads/documents/taqrir_35_1764259816.pdf', 11, 35),
(61, 36, 'محطة فوطوضوئية لتوليد الكهرباء بأم الخشب', '../uploads/documents/doc_36_1764259930.pdf', 1, 36),
(62, 36, 'ت ر محطة فوطوضوئية لتوليد الكهرباء', '../uploads/documents/taqrir_36_1764260009.pdf', 11, 36),
(63, 37, 'تصميم و إنجاز وحدة لتصنيع الأكياس البلاستيكة', '../uploads/documents/doc_37_1764260211.pdf', 1, 37),
(64, 38, 'اقتناء مقتصدات حرارية', '../uploads/documents/doc_38_1764260972.pdf', 1, 38),
(65, 38, 'ت ر اقتناء مقتصدات حرارية', '../uploads/documents/taqrir_38_1764261034.pdf', 11, 38),
(66, 39, 'وحدة الحامض الكبريتي بمعمل المظيلة', '../uploads/documents/doc_39_1764261132.pdf', 1, 39),
(67, 39, 'ت ر وحدة الحامض الكبريتي بمعمل المظيلة', '../uploads/documents/taqrir_39_1764261147.pdf', 11, 39),
(68, 40, 'وحدة لصناعة الأسمدة المُحبّبة', '../uploads/documents/doc_40_1764261256.pdf', 1, 40),
(69, 40, 'ت ر وحدة لصناعة الأسمدة المُحبّبة', '../uploads/documents/taqrir_40_1764261270.pdf', 11, 40),
(70, 41, 'مبرّدات الحامض الكبريتي', '../uploads/documents/doc_41_1764261375.pdf', 1, 41),
(71, 41, 'ت ر  اقتناء مبرّدات الحامض الكبريتي', '../uploads/documents/taqrir_41_1764261406.pdf', 11, 41),
(72, 42, 'قتناء محرّكات كهربائية ذات ضغط متوسّط', '../uploads/documents/doc_42_1764261675.pdf', 1, 42),
(73, 43, 'اقتناء قاطرة نقل عربات الفسفاط', '../uploads/documents/doc_43_1764261944.pdf', 1, 43),
(74, 44, 'اقتناء وتركيب وتشغيل وحدة ذاتية', '../uploads/documents/doc_44_1764262080.pdf', 1, 44),
(75, 45, 'الحدّ من انبعاث ثاني أكسيد الكبريت', '../uploads/documents/doc_45_1764262153.pdf', 1, 45),
(76, 46, 'اقتناء عنفة بخارية كاملة لوحدة', '../uploads/documents/doc_46_1764262215.pdf', 1, 46),
(77, 47, 'مشروع اقتناء مرجلة مساعدة لمعمل المظيلة 2', '../uploads/documents/doc_47_1764262278.pdf', 1, 47),
(78, 48, 'استبدال مفاعل الحامض الفسفوري', '../uploads/documents/doc_48_1764262372.pdf', 1, 48),
(79, 49, 'مشروع استكمال بناء مقرّ الإدارة الجهوية للمجمع الكيميائي', '../uploads/documents/doc_49_1764262466.pdf', 1, 49),
(80, 50, 'بناء المدرسة الوطنية للمهندسين ببنزرت', '../uploads/documents/doc_50_1764262600.pdf', 1, 50),
(81, 50, 'ت ر بناء المدرسة الوطنية للمهندسين ببنزرت', '../uploads/documents/taqrir_50_1764262619.pdf', 11, 50),
(82, 51, 'مشروع المدينة الرقمية بالنحلى', '../uploads/documents/doc_51_1764262751.pdf', 1, 51),
(83, 51, 'ت ر مشروع المدينة الرقمية بالنحلى', '../uploads/documents/taqrir_51_1764262763.pdf', 11, 51),
(84, 52, 'ميناء المياه العميقة ومنطقة الخدمات', '../uploads/documents/doc_52_1764262847.pdf', 1, 52),
(85, 52, 'ت ر ميناء المياه العميقة ومنطقة الخدمات', '../uploads/documents/taqrir_52_1764262865.pdf', 11, 52),
(86, 53, 'مركز حديث للصيانة و تجديد 20 عربة ذاتية الدفع', '../uploads/documents/doc_53_1764263044.pdf', 1, 53),
(107, 59, 'المنطقة الصناعية النفيضة III', '../uploads/documents/doc_59_1764601994.doc', 1, 59),
(108, 59, 'ت ر المنطقة الصناعية النفيضة III', '../uploads/documents/taqrir_59_1764602021.pdf', 11, 59),
(118, 65, 'توسعة المنطقة الصناعية الكاف', '../uploads/documents/doc_65_1764604826.doc', 1, 65),
(119, 65, 'ت ر توسعة المنطقة الصناعية الكاف', '../uploads/documents/taqrir_65_1764604849.pdf', 11, 65),
(120, 66, 'المنطقة الصناعية أمّ العظام', '../uploads/documents/doc_66_1764605112.doc', 1, 66),
(121, 66, 'ت ر المنطقة الصناعية أمّ العظام', '../uploads/documents/taqrir_66_1764605129.pdf', 11, 66),
(122, 67, 'هنشير بوتفاحة 2', '../uploads/documents/doc_67_1764605246.doc', 1, 67),
(123, 67, 'ت ر هنشير بوتفاحة 2', '../uploads/documents/taqrir_67_1764605260.pdf', 11, 67),
(124, 68, 'المنطقة الصناعية بدقة', '../uploads/documents/doc_68_1764605361.doc', 1, 68),
(125, 68, 'ت ر المنطقة الصناعية بدقة', '../uploads/documents/taqrir_68_1764605373.pdf', 11, 68),
(126, 69, 'المنطقة الصناعية بسيدي عاشور', '../uploads/documents/doc_69_1764605461.doc', 1, 69),
(127, 69, 'ت ر المنطقة الصناعية بسيدي عاشور', '../uploads/documents/taqrir_69_1764605477.pdf', 11, 69),
(128, 70, 'محطة الضخ الكاف وادي الرمل', '../uploads/documents/doc_70_1764605618.doc', 1, 70),
(129, 70, 'ت ر محطة الضخ الكاف وادي الرمل', '../uploads/documents/taqrir_70_1764605634.pdf', 11, 70),
(130, 71, 'المستشفي الجهوي صنف &quot;ب&quot; بتالة', '../uploads/documents/doc_71_1764605712.pdf', 1, 71),
(131, 12, 'محضر جلسة عدد 1', '../uploads/commissions/mahdar_1_1764950554.pdf', 1, 1),
(132, 6, 'محضر جلسة عدد 3', '../uploads/commissions/mahdar_2_1764952098.pdf', 1, 2),
(133, 11, 'محضر جلسة عدد 6', '../uploads/commissions/mahdar_3_1764952937.pdf', 1, 3);

-- --------------------------------------------------------

--
-- Structure de la table `etablissement`
--

CREATE TABLE `etablissement` (
  `idEtablissement` int(11) NOT NULL,
  `libEtablissement` varchar(300) NOT NULL,
  `adrEtablissement` varchar(300) NOT NULL,
  `idMinistere` int(11) NOT NULL,
  `idGouvernement` int(11) NOT NULL
) ENGINE=InnoDB DEFAULT CHARSET=utf8;

--
-- Déchargement des données de la table `etablissement`
--

INSERT INTO `etablissement` (`idEtablissement`, `libEtablissement`, `adrEtablissement`, `idMinistere`, `idGouvernement`) VALUES
(1, 'الهيئة الوطنية لحماية المعطيات الشخصية', '1 نهج محمد معلى 1002 ميتيال فيل تونس', 1, 5),
(2, 'الشركة الجديدة للطباعة والصحافة والنشر', '6 ، نهج علي باش حامبة 1000 تونس', 1, 5),
(3, 'وكالة تونس افريقيا للانباء', '7 شارع سليمان بن سليمان 2092 – المنار الثاني- تونس', 1, 5),
(4, 'المطبعة الرسمية للجمهورية التونسية', 'شارع فرحات حشاد - رادس المدينة 2098 تونس', 1, 7),
(5, 'الأرشيف الوطني التونسي', '122, Boulevard 9 avril 1938, Tunis', 1, 5),
(6, 'التلفزة التونسية', 'Rue de la Ligue Arabe, Belvédère - Tunis 1002\r\n', 1, 5),
(7, 'الإذاعة الوطنية', '71 شارع الحرية تونس', 1, 5),
(8, 'السجل الوطني للمؤسسات', 'ﻋـﺪد 1 ﻧـﻬـﺞ اﺑﻮ اﻟـﻌﺒﺎس اﻟﻘـﺴﻨـﻄﻴﻨﻲ اﻟﺤﻲ اﻻوﻟﻤﺒﻲ، ص.ب 66 - ﺗﻮﻧﺲ 1003 - ﺗﻮﻧﺲ', 1, 5),
(9, 'المجمع التونسي للعلوم والآداب والفنون -بيت الحكمة', 'المجمع التونسي للعلوم والآداب والفنون -بيت الحكمة', 1, 5),
(10, 'المركز الوطني للتوثيق', 'نهج عبد الرزاق الشرايبي 1000 تونس', 1, 5),
(11, 'مركز إفادة	', '66 شارع معاوية إبن ابي سفيان -2037- المنزه السابع\r\n', 1, 5),
(12, 'المدرسة الوطنية للإدارة', '24 نهج الدكتور كلمات ميتيال فيل تونس', 1, 5),
(13, 'المركز الأفريقي لتدريب الصحفيين والاتصال	', '9 نهج هوكر دوليتل 1002 تونس بلفيدار - تونس', 1, 5),
(15, 'الوزارة', '', 17, 5),
(33, 'الوزارة', '', 11, 5),
(34, 'الوزارة', '', 7, 5),
(35, 'الوزارة', '', 15, 5),
(36, 'الوزارة', '', 8, 5),
(37, 'الوزارة', '', 9, 5),
(38, 'الوزارة', '', 2, 5),
(39, 'الوزارة', '', 3, 5),
(40, 'الوزارة', '', 4, 5),
(41, 'الوزارة', '', 5, 5),
(42, 'الوزارة', '', 6, 5),
(43, 'الوزارة', '', 10, 5),
(44, 'الوزارة', '', 12, 5),
(45, 'الوزارة', '', 13, 5),
(46, 'الوزارة', '', 14, 5),
(47, 'الوزارة', '', 18, 5),
(48, 'الوزارة', '', 5, 5),
(49, 'الوزارة', '', 16, 5),
(50, 'الوزارة', '', 19, 5),
(51, 'الوزارة', '', 20, 5),
(52, 'الوزارة', '', 21, 5),
(53, 'الوزارة', '', 22, 5),
(54, 'الوزارة', '', 23, 5),
(55, 'الوزارة', '', 24, 5),
(56, 'الوزارة', '', 25, 5),
(57, 'الوزارة', '', 5, 5),
(58, 'المجمع الكيميائي التونسي', '', 9, 5),
(59, 'شركة فسفاط قفصة', '', 9, 5),
(60, '	الوكالة العقارية الصناعية', '', 9, 5);

-- --------------------------------------------------------

--
-- Structure de la table `fournisseur`
--

CREATE TABLE `fournisseur` (
  `idFour` int(11) NOT NULL,
  `nomFour` varchar(200) NOT NULL,
  `adresseFour` varchar(300) NOT NULL,
  `telFour` int(11) NOT NULL,
  `emailFour` varchar(200) NOT NULL,
  `rib` varchar(30) NOT NULL
) ENGINE=InnoDB DEFAULT CHARSET=utf8;

-- --------------------------------------------------------

--
-- Structure de la table `gouvernorat`
--

CREATE TABLE `gouvernorat` (
  `idGov` int(11) NOT NULL,
  `libGov` varchar(100) NOT NULL,
  `positionGov` varchar(100) NOT NULL,
  `idSecteur` int(11) NOT NULL
) ENGINE=InnoDB DEFAULT CHARSET=utf8;

--
-- Déchargement des données de la table `gouvernorat`
--

INSERT INTO `gouvernorat` (`idGov`, `libGov`, `positionGov`, `idSecteur`) VALUES
(1, 'بنزرت', 'الشمال الغربي', 1),
(2, 'باجة', 'الشمال الغربي', 1),
(3, 'جندوبة', 'الشمال الغربي', 1),
(4, 'الكاف', 'الشمال الغربي', 1),
(5, 'تونس', 'تونس الكبرى', 2),
(6, 'أريانة', 'تونس الكبرى', 2),
(7, 'بن عروس', 'تونس الكبرى', 2),
(8, 'منوبة', 'تونس الكبرى', 2),
(9, 'زغوان', 'الساحل', 2),
(10, 'نابل', 'الساحل', 2),
(11, 'سليانة', 'الشمال الغربي', 3),
(12, 'سوسة', 'الساحل', 3),
(13, 'القصرين', 'الجنوب الغربي', 3),
(14, 'القيروان', 'الجنوب الغربي', 3),
(15, 'المنستير', 'الساحل', 3),
(16, 'المهدية', 'الساحل', 3),
(17, 'توزر', 'الجنوب الغربي', 4),
(18, 'سيدي بوزيد', 'الجنوب الغربي', 4),
(19, 'صفاقس', 'إقليم صفاقس', 4),
(20, 'قفصة', 'الجنوب الغربي', 4),
(21, 'تطاوين', 'الجنوب الشرقي', 5),
(22, 'قابس', 'الجنوب الشرقي', 5),
(23, 'قبلي', 'الجنوب الشرقي', 5),
(24, 'مدنين', 'الجنوب الشرقي', 5);

-- --------------------------------------------------------

--
-- Structure de la table `journal`
--

CREATE TABLE `journal` (
  `idJournal` int(11) NOT NULL,
  `idUser` int(11) NOT NULL,
  `action` varchar(400) NOT NULL,
  `date` date NOT NULL
) ENGINE=InnoDB DEFAULT CHARSET=utf8;

--
-- Déchargement des données de la table `journal`
--

INSERT INTO `journal` (`idJournal`, `idUser`, `action`, `date`) VALUES
(1, 8, 'تسجيل الدخول', '2025-11-21'),
(2, 8, 'تسجيل الخروج', '2025-11-21'),
(3, 8, 'تسجيل الدخول', '2025-11-21'),
(4, 8, 'تسجيل الخروج', '2025-11-21'),
(5, 8, 'تسجيل الدخول', '2025-11-21'),
(6, 8, 'تسجيل الخروج', '2025-11-21'),
(7, 8, 'تسجيل الدخول', '2025-11-21'),
(8, 8, 'تسجيل الخروج', '2025-11-21'),
(9, 8, 'تسجيل الدخول', '2025-11-21'),
(10, 8, 'تسجيل الخروج', '2025-11-21'),
(11, 8, 'تسجيل الدخول', '2025-11-21'),
(12, 8, 'تسجيل الخروج', '2025-11-21'),
(13, 8, 'تسجيل الدخول', '2025-11-21'),
(14, 8, 'تسجيل الخروج', '2025-11-21'),
(15, 1, 'تسجيل الدخول', '2025-11-21'),
(16, 1, 'تسجيل الخروج', '2025-11-21'),
(17, 1, 'تسجيل الدخول', '2025-11-21'),
(18, 1, 'تسجيل الدخول', '2025-11-24'),
(19, 1, 'تسجيل الدخول', '2025-11-24'),
(20, 34, 'تسجيل الخروج', '2025-11-24'),
(21, 1, 'تسجيل الدخول', '2025-11-24'),
(22, 1, 'تسجيل الخروج', '2025-11-24'),
(23, 1, 'تسجيل الدخول', '2025-11-24'),
(24, 1, 'تسجيل الدخول', '2025-11-24'),
(25, 34, 'تسجيل الخروج', '2025-11-24'),
(26, 1, 'تسجيل الدخول', '2025-11-24'),
(27, 1, 'تسجيل الدخول', '2025-11-24'),
(28, 1, 'تسجيل الدخول', '2025-11-24'),
(29, 34, 'تسجيل الخروج', '2025-11-24'),
(30, 1, 'تسجيل الدخول', '2025-11-24'),
(31, 34, 'تسجيل الخروج', '2025-11-24'),
(32, 1, 'تسجيل الدخول', '2025-11-24'),
(33, 34, 'تسجيل الخروج', '2025-11-24'),
(34, 1, 'تسجيل الدخول', '2025-11-24'),
(35, 1, 'إضافة مقترح جديد رقم 6: مشروع اقتناء 30 عربة مترو لف?', '2025-11-24'),
(36, 34, 'تسجيل الخروج', '2025-11-24'),
(37, 1, 'تسجيل الدخول', '2025-11-24'),
(38, 34, 'تسجيل الخروج', '2025-11-24'),
(39, 1, 'تسجيل الدخول', '2025-11-24'),
(40, 34, 'تسجيل الخروج', '2025-11-24'),
(41, 1, 'تسجيل الدخول', '2025-11-24'),
(42, 1, 'إضافة مقترح جديد رقم 7: مشروع منصة أسواق الإنتاج ال', '2025-11-24'),
(43, 1, 'تسجيل الدخول', '2025-11-25'),
(44, 1, 'تسجيل الدخول', '2025-11-25'),
(45, 1, 'تسجيل الدخول', '2025-11-26'),
(46, 1, 'إضافة التقرير الرقابي للمقترح رقم 6: التقرير الرقابي مشروع اقتناء 30 عربة مترو.', '2025-11-26'),
(47, 1, 'إضافة التقرير الرقابي للمقترح رقم 7: ت ق منصة أسواق الإنتاج الوسط', '2025-11-26'),
(48, 1, 'إضافة مقترح جديد رقم 8: مشروع بناء المستشفى الجهوي ', '2025-11-26'),
(49, 1, 'إضافة التقرير الرقابي للمقترح رقم 8: ت ر لبناء المستشفى الجهوي ببئر على بن خليفة', '2025-11-26'),
(50, 1, 'إضافة مقترح جديد رقم 9: مشروع دعم اسس و هياكل المبن?', '2025-11-26'),
(51, 1, 'إضافة التقرير الرقابي للمقترح رقم 9: ت ق مشروع دعم اسس و هياكل المبني الرئيسي بالمستشفي الجامعي الهادي شاكر', '2025-11-26'),
(52, 1, 'إضافة مقترح جديد رقم 10: ادراج مشروع بناء المستشفى ا', '2025-11-26'),
(53, 1, 'إضافة التقرير الرقابي للمقترح رقم 10: ت ر مشروع بناء المستشفى الجهوي صنف &quot;ب&quot; بسبيطلة', '2025-11-26'),
(54, 1, 'إضافة مقترح جديد رقم 11: ادراج مشروع بناء المستشفى ا', '2025-11-26'),
(55, 1, 'إضافة التقرير الرقابي للمقترح رقم 11: ت ر مشروع بناء المستشفى الجهوي صنف ب نفطة', '2025-11-26'),
(56, 1, 'إضافة مقترح جديد رقم 12: حول مشروع تهيئة الملعب الأو', '2025-11-26'),
(57, 1, 'إضافة التقرير الرقابي للمقترح رقم 12: ت ر مشروع تهيئة الملعب الأولمبي بالمنزه', '2025-11-26'),
(58, 1, 'إضافة مقترح جديد رقم 13: حول النظر فى عرض مشروع بناء ', '2025-11-26'),
(59, 1, 'إضافة التقرير الرقابي للمقترح رقم 13: ت ر بناء الموارد التكنولوجية بالقطب التكنولوجي بسيدي ثابت', '2025-11-26'),
(60, 1, 'إضافة مقترح جديد رقم 14: مشروع بناء مدينة الأغالبة ا', '2025-11-26'),
(61, 1, 'إضافة التقرير الرقابي للمقترح رقم 14: ت ر مشروع بناء مدينة الأغالبة الطبية بالقيروان.', '2025-11-26'),
(62, 1, 'إضافة مقترح جديد رقم 15: مشروع اقتناء أبراج امتصاص ا', '2025-11-26'),
(63, 1, 'إضافة التقرير الرقابي للمقترح رقم 15: ت ر  اقتناء أبراج امتصاص الحامض الكبريتي', '2025-11-26'),
(64, 1, 'إضافة مقترح جديد رقم 16: مشروع اقتناء وحدة تحلية الم', '2025-11-26'),
(65, 1, 'إضافة التقرير الرقابي للمقترح رقم 16: ت ر وحدة تحلية المياه بالتناضح العكسي', '2025-11-26'),
(66, 1, 'إضافة مقترح جديد رقم 17: مشروع إنجاز وحدة تحلية المي', '2025-11-26'),
(67, 1, 'إضافة التقرير الرقابي للمقترح رقم 17: ت ر وحدة تحلية المياه بالتناضح العكسي', '2025-11-26'),
(68, 1, 'إضافة مقترح جديد رقم 18: مشروع اقتناء عنفتين بخاريت?', '2025-11-26'),
(69, 1, 'إضافة التقرير الرقابي للمقترح رقم 18: ت ر اقتناء عنفتين بخاريتيْن كاملتيْن', '2025-11-26'),
(70, 1, 'إضافة مقترح جديد رقم 19: مشروع اقتناء مرشّحيْن للحا?', '2025-11-26'),
(71, 1, 'إضافة التقرير الرقابي للمقترح رقم 19: ت ر اقتناء مرشّحيْن للحامض الفسفوري', '2025-11-26'),
(72, 1, 'إضافة مقترح جديد رقم 20: مشروع تحويل وحدة الحامض الك', '2025-11-26'),
(73, 1, 'إضافة التقرير الرقابي للمقترح رقم 20: ت ر وحدة الحامض الكبريتي', '2025-11-26'),
(74, 1, 'إضافة مقترح جديد رقم 21: مشروع تحويل وحدات الحامض ال', '2025-11-26'),
(75, 1, 'إضافة التقرير الرقابي للمقترح رقم 21: ت ر  تحويل وحدات الحامض الكبريتي', '2025-11-26'),
(76, 1, 'إضافة مقترح جديد رقم 22: مشروع تهيئة مصب لتكديس الفس', '2025-11-26'),
(77, 1, 'إضافة التقرير الرقابي للمقترح رقم 22: ت ر  تهيئة مصب لتكديس الفسفوجيبس', '2025-11-26'),
(78, 1, 'إضافة مقترح جديد رقم 23: مشروع طرق تخزين و نقل الفسف?', '2025-11-26'),
(79, 1, 'إضافة التقرير الرقابي للمقترح رقم 23: ت ر  طرق تخزين و نقل الفسفوجيبس', '2025-11-26'),
(80, 1, 'تسجيل الدخول', '2025-11-27'),
(81, 1, 'إضافة مقترح جديد رقم 24: مشروع إنجاز وحدة لصناعة الأ', '2025-11-27'),
(82, 1, 'إضافة التقرير الرقابي للمقترح رقم 24: وحدة لصناعة الأسمدة المُحبّبة - تغيير الحالة إلى الإحالة على اللجنة', '2025-11-27'),
(83, 1, 'إضافة مقترح جديد رقم 25: مشروع تجديد وحدات في سلسلة ?', '2025-11-27'),
(84, 1, 'إضافة التقرير الرقابي للمقترح رقم 25: ت ر تجديد وحدات في سلسلة إنتاج - تغيير الحالة إلى الإحالة على اللجنة', '2025-11-27'),
(85, 1, 'تسجيل الدخول', '2025-11-27'),
(86, 1, 'إضافة مقترح جديد رقم 26: إنجاز مشروع نموذجي لإنتاج ا', '2025-11-27'),
(87, 1, 'إضافة التقرير الرقابي للمقترح رقم 26: ت ر مشروع نموذجي لإنتاج الأمونيا الخضراء بمعمل الأمونيترات - تغيير الحالة إلى الإحالة على اللجنة', '2025-11-27'),
(88, 1, 'إضافة مقترح جديد رقم 27: مشروع وحدة الحامض الفسفوري ', '2025-11-27'),
(89, 1, 'إضافة التقرير الرقابي للمقترح رقم 27: وحدة الحامض الفسفوري - تغيير الحالة إلى الإحالة على اللجنة', '2025-11-27'),
(90, 1, 'إضافة مقترح جديد رقم 28: مشروع استكمال مشاريع القسط ', '2025-11-27'),
(91, 1, 'إضافة التقرير الرقابي للمقترح رقم 28: مشاريع القسط الثالث والملاحق لمعمل  المظيلة 2 - تغيير الحالة إلى الإحالة على اللجنة', '2025-11-27'),
(92, 1, 'إضافة مقترح جديد رقم 29: مشروع مغسلة جديدة بمنطقة أم', '2025-11-27'),
(93, 1, 'إضافة التقرير الرقابي للمقترح رقم 29: ت ر مغسلة جديدة بمنطقة أم الخشب - تغيير الحالة إلى الإحالة على اللجنة', '2025-11-27'),
(94, 1, 'إضافة مقترح جديد رقم 30: مشروع الآبار التعويضية للم?', '2025-11-27'),
(95, 1, 'إضافة التقرير الرقابي للمقترح رقم 30: ت ر مشروع الآبار التعويضية للمياه الصناعية - تغيير الحالة إلى الإحالة على اللجنة', '2025-11-27'),
(96, 1, 'إضافة مقترح جديد رقم 31: مشروع تركيز وحدة ترشيح ذات ?', '2025-11-27'),
(97, 1, 'إضافة التقرير الرقابي للمقترح رقم 31: ت ر وحدة ترشيح ذات ضغط - تغيير الحالة إلى الإحالة على اللجنة', '2025-11-27'),
(98, 1, 'إضافة مقترح جديد رقم 32: مشروع اقتناء اليات منجمية', '2025-11-27'),
(99, 1, 'إضافة التقرير الرقابي للمقترح رقم 32: ت ر مشروع اقتناء اليات منجمية - تغيير الحالة إلى الإحالة على اللجنة', '2025-11-27'),
(100, 1, 'إضافة مقترح جديد رقم 33: إنجاز دراسة مشروع توزر نفطة', '2025-11-27'),
(101, 1, 'إضافة التقرير الرقابي للمقترح رقم 33: ت ر مشروع توزر نفطة للفسفاط - تغيير الحالة إلى الإحالة على اللجنة', '2025-11-27'),
(102, 1, 'إضافة مقترح جديد رقم 34: مشروع وحدة الإنتاج الجديدة ', '2025-11-27'),
(103, 1, 'إضافة التقرير الرقابي للمقترح رقم 34: ت ر وحدة الإنتاج الجديدة بأم الخشب 2 - تغيير الحالة إلى الإحالة على اللجنة', '2025-11-27'),
(104, 1, 'إضافة مقترح جديد رقم 35: المشروع المندمج للنقل الهي?', '2025-11-27'),
(105, 1, 'إضافة التقرير الرقابي للمقترح رقم 35: ت ر للنقل الهيدروليكي للفسفـاط - تغيير الحالة إلى الإحالة على اللجنة', '2025-11-27'),
(106, 1, 'إضافة مقترح جديد رقم 36: مشروع تركيز محطة فوطوضوئية ', '2025-11-27'),
(107, 1, 'إضافة التقرير الرقابي للمقترح رقم 36: ت ر محطة فوطوضوئية لتوليد الكهرباء - تغيير الحالة إلى الإحالة على اللجنة', '2025-11-27'),
(108, 1, 'إضافة مقترح جديد رقم 37: حول مشروع تصميم و إنجاز وحد?', '2025-11-27'),
(109, 1, 'إضافة مقترح جديد رقم 38: مشروع اقتناء مقتصدات حراري?', '2025-11-27'),
(110, 1, 'إضافة التقرير الرقابي للمقترح رقم 38: ت ر اقتناء مقتصدات حرارية - تغيير الحالة إلى الإحالة على اللجنة', '2025-11-27'),
(111, 1, 'إضافة مقترح جديد رقم 39: مشروع تحويل وحدة الحامض الك', '2025-11-27'),
(112, 1, 'إضافة التقرير الرقابي للمقترح رقم 39: ت ر وحدة الحامض الكبريتي بمعمل المظيلة - تغيير الحالة إلى الإحالة على اللجنة', '2025-11-27'),
(113, 1, 'إضافة مقترح جديد رقم 40: مشروع إنجاز وحدة لصناعة الأ', '2025-11-27'),
(114, 1, 'إضافة التقرير الرقابي للمقترح رقم 40: ت ر وحدة لصناعة الأسمدة المُحبّبة - تغيير الحالة إلى الإحالة على اللجنة', '2025-11-27'),
(115, 1, 'إضافة مقترح جديد رقم 41: مشروع اقتناء مبرّدات الحام?', '2025-11-27'),
(116, 1, 'إضافة التقرير الرقابي للمقترح رقم 41: ت ر  اقتناء مبرّدات الحامض الكبريتي - تغيير الحالة إلى الإحالة على اللجنة', '2025-11-27'),
(117, 1, 'إضافة مقترح جديد رقم 42: مشروع اقتناء محرّكات كهربا?', '2025-11-27'),
(118, 1, 'إضافة مقترح جديد رقم 43: مشروع اقتناء قاطرة نقل عربا', '2025-11-27'),
(119, 1, 'إضافة مقترح جديد رقم 44: مشروع اقتناء وتركيب وتشغيل ', '2025-11-27'),
(120, 1, 'إضافة مقترح جديد رقم 45: مشروع الحدّ من انبعاث ثاني ?', '2025-11-27'),
(121, 1, 'إضافة مقترح جديد رقم 46: مشروع اقتناء عنفة بخارية كا', '2025-11-27'),
(122, 1, 'إضافة مقترح جديد رقم 47: مشروع اقتناء مرجلة مساعدة ل', '2025-11-27'),
(123, 1, 'إضافة مقترح جديد رقم 48: مشروع استبدال مفاعل الحامض ', '2025-11-27'),
(124, 1, 'إضافة مقترح جديد رقم 49: مشروع استكمال بناء مقرّ الإ', '2025-11-27'),
(125, 1, 'إضافة مقترح جديد رقم 50: مشروع إتمام إنجاز بناء المد', '2025-11-27'),
(126, 1, 'إضافة التقرير الرقابي للمقترح رقم 50: ت ر بناء المدرسة الوطنية للمهندسين ببنزرت - تغيير الحالة إلى الإحالة على اللجنة', '2025-11-27'),
(127, 1, 'إضافة مقترح جديد رقم 51: مشروع إستئناف إنجاز مشروع ا', '2025-11-27'),
(128, 1, 'إضافة التقرير الرقابي للمقترح رقم 51: ت ر مشروع المدينة الرقمية بالنحلى - تغيير الحالة إلى الإحالة على اللجنة', '2025-11-27'),
(129, 1, 'إضافة مقترح جديد رقم 52: مشروع إنجاز ميناء المياه ال', '2025-11-27'),
(130, 1, 'إضافة التقرير الرقابي للمقترح رقم 52: ت ر ميناء المياه العميقة ومنطقة الخدمات - تغيير الحالة إلى الإحالة على اللجنة', '2025-11-27'),
(131, 1, 'إضافة مقترح جديد رقم 53: مشروع إنجاز مركز حديث للصيا', '2025-11-27'),
(132, 1, 'إضافة مقترح جديد رقم 54: بخصوص طرق ابرام صفقات مشروع', '2025-11-27'),
(133, 1, 'إضافة التقرير الرقابي للمقترح رقم 54: ت ر طرق ابرام صفقات مشروع بناء المستشفى - تغيير الحالة إلى الإحالة على اللجنة', '2025-11-27'),
(134, 1, 'إضافة مقترح جديد رقم 55: بخصوص طرق ابرام صفقات مشروع', '2025-11-27'),
(135, 1, 'إضافة التقرير الرقابي للمقترح رقم 55: ت ر طرق ابرام صفقات مشروع دعم اسس و هياكل المبني الرئيسي - تغيير الحالة إلى الإحالة على اللجنة', '2025-11-27'),
(136, 1, 'إضافة مقترح جديد رقم 56: مشروع أشغال تهيئة توسعة الم', '2025-11-27'),
(137, 1, 'إضافة التقرير الرقابي للمقترح رقم 56: المنطقة الصناعية الكاف - تغيير الحالة إلى الإحالة على اللجنة', '2025-11-27'),
(138, 1, 'إضافة مقترح جديد رقم 57: مشروع تكملة التهيئة وأشغال ', '2025-11-27'),
(139, 1, 'إضافة التقرير الرقابي للمقترح رقم 57: ت ر  تكملة التهيئة وأشغال إنجاز محطة الضخ الكاف - تغيير الحالة إلى الإحالة على اللجنة', '2025-11-27'),
(140, 1, 'تسجيل الدخول', '2025-11-28'),
(141, 1, 'تسجيل الدخول', '2025-11-28'),
(142, 34, 'تسجيل الخروج', '2025-11-28'),
(143, 1, 'تسجيل الدخول', '2025-11-28'),
(144, 1, 'تسجيل الخروج', '2025-11-28'),
(145, 1, 'تسجيل الدخول', '2025-11-28'),
(146, 1, 'تسجيل الخروج', '2025-11-28'),
(147, 1, 'تسجيل الدخول', '2025-11-28'),
(148, 1, 'تسجيل الدخول', '2025-11-28'),
(149, 34, 'تسجيل الخروج', '2025-11-28'),
(150, 1, 'تسجيل الدخول', '2025-11-28'),
(151, 1, 'تسجيل الخروج', '2025-11-28'),
(152, 1, 'تسجيل الدخول', '2025-11-28'),
(153, 1, 'إضافة مقترح جديد رقم 58: 12', '2025-11-28'),
(154, 1, 'حذف المقترح رقم 58: 12', '2025-11-28'),
(155, 1, 'تسجيل الدخول', '2025-12-01'),
(156, 1, 'تسجيل الخروج', '2025-12-01'),
(157, 1, 'تسجيل الدخول', '2025-12-01'),
(158, 1, 'تسجيل الخروج', '2025-12-01'),
(159, 1, 'تسجيل الدخول', '2025-12-01'),
(160, 34, 'تسجيل الخروج', '2025-12-01'),
(161, 1, 'تسجيل الدخول', '2025-12-01'),
(162, 1, 'تعديل المقترح رقم 56', '2025-12-01'),
(163, 1, 'تعديل المقترح رقم 57', '2025-12-01'),
(164, 34, 'تسجيل الخروج', '2025-12-01'),
(165, 1, 'تسجيل الدخول', '2025-12-01'),
(166, 1, 'إضافة مقترح جديد رقم 59: مشروع تهيئة المنطقة الصناع?', '2025-12-01'),
(167, 1, 'إضافة التقرير الرقابي للمقترح رقم 59: ت ر لمنطقة الصناعية النفيضة - تغيير الحالة إلى الإحالة على اللجنة', '2025-12-01'),
(168, 1, 'إضافة مقترح جديد رقم 60: مشروع تهيئة المنطقة الصناع?', '2025-12-01'),
(169, 1, 'إضافة التقرير الرقابي للمقترح رقم 60: ت ر  المنطقة الصناعية أمّ العظام - تغيير الحالة إلى الإحالة على اللجنة', '2025-12-01'),
(170, 1, 'إضافة مقترح جديد رقم 61: مشروع تهيئة المنطقة الصناع?', '2025-12-01'),
(171, 1, 'إضافة التقرير الرقابي للمقترح رقم 61: ت ر هنشير بوتفاحة 2 - تغيير الحالة إلى الإحالة على اللجنة', '2025-12-01'),
(172, 1, 'إضافة مقترح جديد رقم 62: مشروع تهيئة المنطقة الصناع?', '2025-12-01'),
(173, 1, 'إضافة التقرير الرقابي للمقترح رقم 62: ت ر المنطقة الصناعية بدقة - تغيير الحالة إلى الإحالة على اللجنة', '2025-12-01'),
(174, 1, 'إضافة مقترح جديد رقم 63: مشروع تهيئة المنطقة الصناع?', '2025-12-01'),
(175, 1, 'إضافة التقرير الرقابي للمقترح رقم 63: ت ر الصناعية بسيدي عاشور - تغيير الحالة إلى الإحالة على اللجنة', '2025-12-01'),
(176, 1, 'إضافة مقترح جديد رقم 64: مشروع بناء المستشفي الجهوي ', '2025-12-01'),
(177, 1, 'تسجيل الخروج', '2025-12-01'),
(178, 1, 'تسجيل الدخول', '2025-12-01'),
(179, 1, 'تسجيل الدخول', '2025-12-01'),
(180, 1, 'تعديل المقترح رقم 59', '2025-12-01'),
(181, 1, 'إضافة التقرير الرقابي للمقترح رقم 59: ت ر المنطقة الصناعية النفيضة III - تغيير الحالة إلى الإحالة على اللجنة', '2025-12-01'),
(182, 1, 'تعديل المقترح رقم 60', '2025-12-01'),
(183, 1, 'تعديل المقترح رقم 61', '2025-12-01'),
(184, 1, 'تعديل المقترح رقم 62', '2025-12-01'),
(185, 1, 'تعديل المقترح رقم 63', '2025-12-01'),
(186, 1, 'تعديل المقترح رقم 64', '2025-12-01'),
(187, 1, 'تعديل المقترح رقم 57', '2025-12-01'),
(188, 1, 'حذف المقترح رقم 57: مشروع تكملة التهيئة وأشغال ', '2025-12-01'),
(189, 1, 'حذف المقترح رقم 56: مشروع أشغال تهيئة توسعة الم', '2025-12-01'),
(190, 1, 'حذف المقترح رقم 60: مشروع تهيئة المنطقة الصناع?', '2025-12-01'),
(191, 1, 'حذف المقترح رقم 61: مشروع تهيئة المنطقة الصناع?', '2025-12-01'),
(192, 1, 'حذف المقترح رقم 62: مشروع تهيئة المنطقة الصناع?', '2025-12-01'),
(193, 1, 'حذف المقترح رقم 63: مشروع تهيئة المنطقة الصناع?', '2025-12-01'),
(194, 1, 'حذف المقترح رقم 64: مشروع بناء المستشفي الجهوي ', '2025-12-01'),
(195, 1, 'إضافة مقترح جديد رقم 65: مشروع أشغال تهيئة توسعة الم', '2025-12-01'),
(196, 1, 'إضافة التقرير الرقابي للمقترح رقم 65: ت ر توسعة المنطقة الصناعية الكاف - تغيير الحالة إلى الإحالة على اللجنة', '2025-12-01'),
(197, 1, 'إضافة مقترح جديد رقم 66: مشروع تهيئة المنطقة الصناع?', '2025-12-01'),
(198, 1, 'إضافة التقرير الرقابي للمقترح رقم 66: ت ر المنطقة الصناعية أمّ العظام - تغيير الحالة إلى الإحالة على اللجنة', '2025-12-01'),
(199, 1, 'إضافة مقترح جديد رقم 67: مشروع تهيئة المنطقة الصناع?', '2025-12-01'),
(200, 1, 'إضافة التقرير الرقابي للمقترح رقم 67: ت ر هنشير بوتفاحة 2 - تغيير الحالة إلى الإحالة على اللجنة', '2025-12-01'),
(201, 1, 'إضافة مقترح جديد رقم 68: مشروع تهيئة المنطقة الصناع?', '2025-12-01'),
(202, 1, 'إضافة التقرير الرقابي للمقترح رقم 68: ت ر المنطقة الصناعية بدقة - تغيير الحالة إلى الإحالة على اللجنة', '2025-12-01'),
(203, 1, 'إضافة مقترح جديد رقم 69: مشروع تهيئة المنطقة الصناع?', '2025-12-01'),
(204, 1, 'إضافة التقرير الرقابي للمقترح رقم 69: ت ر المنطقة الصناعية بسيدي عاشور - تغيير الحالة إلى الإحالة على اللجنة', '2025-12-01'),
(205, 1, 'إضافة مقترح جديد رقم 70: مشروع تكملة التهيئة وأشغال ', '2025-12-01'),
(206, 1, 'إضافة التقرير الرقابي للمقترح رقم 70: ت ر محطة الضخ الكاف وادي الرمل - تغيير الحالة إلى الإحالة على اللجنة', '2025-12-01'),
(207, 1, 'إضافة مقترح جديد رقم 71: مشروع بناء المستشفي الجهوي ', '2025-12-01'),
(208, 1, 'تسجيل الدخول', '2025-12-02'),
(209, 1, 'حذف المقترح رقم 54: بخصوص طرق ابرام صفقات مشروع', '2025-12-02'),
(210, 1, 'حذف المقترح رقم 55: بخصوص طرق ابرام صفقات مشروع', '2025-12-02'),
(211, 1, 'تسجيل الدخول', '2025-12-03'),
(212, 1, 'تسجيل الدخول', '2025-12-03'),
(213, 1, 'تسجيل الدخول', '2025-12-04'),
(214, 1, 'تسجيل الخروج', '2025-12-04'),
(215, 1, 'تسجيل الدخول', '2025-12-04'),
(216, 1, 'تسجيل الخروج', '2025-12-04'),
(217, 1, 'تسجيل الدخول', '2025-12-04'),
(218, 1, 'تسجيل الخروج', '2025-12-04'),
(219, 1, 'تسجيل الدخول', '2025-12-04'),
(220, 1, 'تسجيل الدخول', '2025-12-05'),
(221, 1, 'تسجيل الدخول', '2025-12-05'),
(222, 1, 'تسجيل الخروج', '2025-12-05'),
(223, 1, 'تسجيل الدخول', '2025-12-05'),
(224, 1, 'تسجيل الدخول', '2025-12-05'),
(225, 1, 'تسجيل الدخول', '2025-12-05'),
(226, 1, 'تسجيل الدخول', '2025-12-05'),
(227, 1, 'إضافة جلسة رقم 1 بتاريخ 2025-01-15 - المشاريع المعروضة: 4 | 1. حول مشروع تهيئة الملعب الأولمبي بالمنزه. (إدراج نهائي) | 2. مشروع بناء المستشفى الجهوي ببئر على بن خليفة بصفاقس (إدراج نهائي) | 3. مشروع دعم اسس و هياكل المبني الرئيسي بالمستشفي الجامعي الهادي شاكر بصفاقس. (إدراج نهائي) | 4. مشروع منصة أسواق الإنتاج الوسط. (إدراج نهائي) | تم رفع محضر الجلسة', '2025-12-05');

-- --------------------------------------------------------

--
-- Structure de la table `lot`
--

CREATE TABLE `lot` (
  `lidLot` int(11) NOT NULL,
  `sujetLot` varchar(300) NOT NULL,
  `idFournisseur` int(11) NOT NULL,
  `somme` float NOT NULL,
  `idAppelOffre` int(11) NOT NULL
) ENGINE=InnoDB DEFAULT CHARSET=utf8;

-- --------------------------------------------------------

--
-- Structure de la table `ministere`
--

CREATE TABLE `ministere` (
  `idMinistere` int(11) NOT NULL,
  `libMinistere` varchar(300) NOT NULL,
  `adresseMinistere` varchar(300) NOT NULL,
  `idGov` int(11) NOT NULL
) ENGINE=InnoDB DEFAULT CHARSET=utf8;

--
-- Déchargement des données de la table `ministere`
--

INSERT INTO `ministere` (`idMinistere`, `libMinistere`, `adresseMinistere`, `idGov`) VALUES
(1, 'رئاسة الحكـــومة', 'ساحة الحكومة – القصبة 1020 تونس\r\n\r\n\r\n\r\n', 5),
(2, 'وزارة العدل', '31 شارع باب بنات، القصبة 1006 تونس', 5),
(3, 'وزارة الدفاع الوطني', 'باب منارة - القصبة\r\n1008 تونس', 5),
(4, 'وزارة الداخلية', 'شارع الحبيب بورقيبة\r\n1000 تونس', 5),
(5, 'وزارة الشؤون الخارجية والهجرة والتونسيين بالخارج', 'شارع جامعة الدول العربية شمال الهلتون\r\n1030 تونس', 5),
(6, 'وزارة المالية', 'ساحة الحكومة بالقصبة\r\nتونس', 5),
(7, 'وزارة الصحة', 'باب سعدون\r\n1006 تونس', 5),
(8, 'وزارة الاقتصاد والتخطيط', 'شارع الشيخ محمد الفاضل بن عاشور مبنى «B4»، البرج \"أ\" المركز العمراني الشمالي\r\n1082 تونس', 5),
(9, 'وزارة الصناعة والمناجم والطاقة', 'عمارة \"بية\" عدد 40، نهج 8011 – مونبليزير\r\n1002 تونس', 5),
(10, 'وزارة الشؤون الاجتماعية', 'شارع باب بنات عدد 27\r\n1019 تونس', 5),
(11, 'وزارة التجارة وتنمية الصادرات', 'زاوية نهج غانا ونهج بيار دي كوبرتن ونهج الهادي نويرة\r\n1001 تونس', 5),
(12, 'وزارة الفلاحة والموارد المائية والصيد البحري', '30 نهج آلان سفاري\r\n1002 تونس', 5),
(13, 'وزارة التربية', 'شارع باب البنات\r\n1030 تونس', 5),
(14, 'وزارة التعليم العالي والبحث العلمي', 'شارع أولاد حفوز\r\n1030 تونس', 5),
(15, 'وزارة الشباب والرياضة', 'شارع محمد علي عقيد\r\n1003 تونس', 5),
(16, 'وزارة تكنولوجيات الإتصال', '88 شارع محمد الخامس\r\n1002 تونس', 5),
(17, 'وزارة النقل', '13 نهج البرجين، منبليزير\r\n1073 تونس', 5),
(18, 'وزارة التجهيز والإسكان', 'شارع الحبيب شريطة -حي الحدائق- البلفدير\r\n1002 تونس', 5),
(19, 'وزارة أملاك الدّولة والشؤون العقارية', 'شارع محمد الخامس قبالة البنك المركزي\r\n1000 تونس', 5),
(20, 'وزارة ﺍﻟﺒﻴﺌﺔ', 'شارع الأرض، المركز العمراني الشمالي\r\n1080 تونس', 5),
(21, 'وزارة السياحة', '1 شارع محمد الخامس\r\n1001 تونس', 5),
(22, 'وزارة الشؤون الدينية', '76 مكرّر، شارع باب البنات، القصبة\r\n1019 تونس', 5),
(23, 'وزارة الأسرة والمرأة والطفولة وكبار السن', '02 نهج عاصمة الجزائر\r\n1001 تونس', 5),
(24, 'وزارة الشؤون الثقافية', 'نهج 2 مارس 1934 القصبة،\r\n1002 تونس', 5),
(25, 'وزارة التشغيل والتكوين المهني', '10 شارع أولاد حفوز\r\n1002 تونس', 5);

-- --------------------------------------------------------

--
-- Structure de la table `projet`
--

CREATE TABLE `projet` (
  `idPro` int(11) NOT NULL,
  `idMinistere` int(11) NOT NULL,
  `idEtab` int(11) NOT NULL,
  `sujet` varchar(400) NOT NULL,
  `dateArrive` date NOT NULL,
  `procedurePro` varchar(30) NOT NULL,
  `cout` float NOT NULL,
  `id_Gov` int(11) NOT NULL,
  `proposition` varchar(400) NOT NULL,
  `idUser` int(11) NOT NULL,
  `etat` int(11) NOT NULL,
  `dateCreation` datetime NOT NULL
) ENGINE=InnoDB DEFAULT CHARSET=utf8;

--
-- Déchargement des données de la table `projet`
--

INSERT INTO `projet` (`idPro`, `idMinistere`, `idEtab`, `sujet`, `dateArrive`, `procedurePro`, `cout`, `id_Gov`, `proposition`, `idUser`, `etat`, `dateCreation`) VALUES
(6, 17, 15, 'مشروع اقتناء 30 عربة مترو لفائدة شركة النقل بتونس ضمن المشاريع العمومية الكبري ذات الطابع الإستراتيجي.', '2025-02-14', 'جديد', 450, 5, 'ادراج مشروع اقتناء 30 عربة مترو ضمن المشاريع العمومية الكبري ذات الطابع الإستراتيجي.', 2, 1, '2025-11-24 17:54:17'),
(7, 11, 33, 'مشروع منصة أسواق الإنتاج الوسط.', '2025-01-02', 'جديد', 116, 5, 'ادراج مشروع منصة أسواق الإنتاج الوسط صلب المشاريع الكبري كمشروع وطني استراتيجي ذو اولوية.', 2, 21, '2025-11-24 18:37:46'),
(8, 7, 34, 'مشروع بناء المستشفى الجهوي ببئر على بن خليفة بصفاقس', '2024-12-13', 'بصدد الإنجاز', 11, 5, 'ادراج مشروع بناء المستشفى الجهوي ببئر على بن خليفة بصفاقس ضمن المشاريع قائمة المشاريع الكبري.', 2, 21, '2025-11-26 16:31:46'),
(9, 7, 34, 'مشروع دعم اسس و هياكل المبني الرئيسي بالمستشفي الجامعي الهادي شاكر بصفاقس.', '2025-11-28', 'جديد', 10, 5, 'ادراج مشروع دعم اسس و هياكل المبني الرئيسي بالمستشفي الجامعي الهادي شاكر بصفاقس ضمن قائمة المشاريع العمومية الكبري ذات الطابع الإستراتيجي.', 2, 21, '2025-11-26 16:34:13'),
(10, 7, 34, 'ادراج مشروع بناء المستشفى الجهوي صنف ب بسبيطلة من ولاية القصرين ضمن قائمة المشاريع الكبرى.', '2025-03-12', 'جديد', 1.8, 5, 'ادراج مشروع بناء المستشفى الجهوي صنف  ب بسبيطلة من ولاية القصرين ضمن قائمة المشاريع الكبرى.', 2, 1, '2025-11-26 16:39:23'),
(11, 7, 34, 'ادراج مشروع بناء المستشفى الجهوي صنف ب نفطة من ولاية توزر ضمن قائمة المشاريع الكبرى.', '2025-03-05', 'بصدد الإنجاز', 5.99, 5, 'ادراج مشروع بناء المستشفى الجهوي صنف ب نفطة من ولاية توزر ضمن قائمة المشاريع الكبرى.', 2, 1, '2025-11-26 16:44:04'),
(12, 15, 35, 'حول مشروع تهيئة الملعب الأولمبي بالمنزه.', '2025-11-26', 'بصدد الإنجاز', 1, 5, 'ادراج مشروع تهيئة الملعب الأولمبي بالمنزه ضمن قائمة المشاريع الكبرى.', 3, 21, '2025-11-26 16:48:05'),
(13, 16, 49, 'حول النظر فى عرض مشروع بناء الموارد التكنولوجية بالقطب التكنولوجي بسيدي ثابت على انظار لجنة المشاريع الكبري.', '2025-02-25', 'جديد', 89.1, 5, 'ادراج المشروع ضمن قائمة المشاريع الإسترتيجية الكبرى.', 3, 1, '2025-11-26 16:53:01'),
(14, 7, 34, 'مشروع بناء مدينة الأغالبة الطبية بالقيروان.', '2025-05-02', 'جديد', 6.88, 5, 'ادراج المشروع ضمن قائمة المشاريع الإسترتيجية الكبرى.', 3, 1, '2025-11-26 17:03:06'),
(15, 9, 58, 'مشروع اقتناء أبراج امتصاص الحامض الكبريتي لمعامل المجمع الكيميائي التونسي.', '2025-04-25', 'جديد', 50, 5, 'ادراج المشروع ضمن قائمة المشاريع الإسترتيجية الكبرى.', 3, 1, '2025-11-26 17:10:53'),
(16, 9, 58, 'مشروع اقتناء وحدة تحلية المياه بالتناضح العكسي بمعمل المظيلة 1 بطاقة إنتاج 2 × 40 متر مكعّب/ساعة.', '2025-07-25', 'جديد', 27, 5, 'إدراج هذا المشروع ضمن قائمة المشاريع الإستراتيجية طبقا لأحكام الفصل 5 من الأمر المذكور وعرضه على لجنة المشاريع الكبرى.', 3, 1, '2025-11-26 17:14:22'),
(17, 9, 58, 'مشروع إنجاز وحدة تحلية المياه بالتناضح العكسي بمعمل الحامض الفسفوري بق ابس بطاقة إنتاج 2 × 43 متر مكعّب/ساعة.', '2025-04-25', 'جديد', 30, 5, 'ادراج المشروع ضمن قائمة المشاريع الإسترتيجية الكبرى.', 3, 1, '2025-11-26 17:16:51'),
(18, 9, 58, 'مشروع اقتناء عنفتين بخاريتيْن كاملتيْ ن لوحدتيْ الحامض الكبريتي لمعمل الصخيرة.', '2025-04-25', 'جديد', 55, 5, 'ادراج المشروع ضمن قائمة المشاريع الإسترتيجية الكبرى.', 3, 1, '2025-11-26 17:20:42'),
(19, 9, 58, 'مشروع اقتناء مرشّحيْن للحامض الفسفوري بمعمل الصخيرة.', '2025-04-25', 'جديد', 24, 5, 'إدراج هذا المشروع ضمن قائمة المشاريع الإستراتيجية طبقا لأحكام الفصل 5 من الأمر المذكور وعرضه على لجنة المشاريع الكبرى.', 3, 1, '2025-11-26 17:24:05'),
(20, 9, 58, 'مشروع تحويل وحدة الحامض الكبريتي بمعمل الحامض الفسفوري بقابس من الامتصاص الآحادي إلى الامتصاص المضاعف مع نظام استرجاع الحرارة HRS.', '2025-04-25', 'جديد', 154, 5, 'ادراج المشروع ضمن قائمة المشاريع الإسترتيجية الكبرى.', 3, 1, '2025-11-26 17:27:56'),
(21, 9, 58, 'مشروع تحويل وحدات الحامض الكبريتي بمعمل الصخيرة من الإمتصاص الآحادي إلى الإمتصاص المُضاعف مع نظام إسترجاع الحرارة HRS.', '2025-04-25', 'جديد', 210, 5, 'إدراج هذا المشروع ضمن قائمة المشاريع الإستراتيجية طبقا لأحكام الفصل 5 من الأمر المذكور وعرضه على لجنة المشاريع الكبرى.', 3, 1, '2025-11-26 17:30:27'),
(22, 9, 58, 'مشروع تهيئة مصب لتكديس الفسفوجيبس بالطريقة المبلّلة بمعمل الصخيرة.', '2025-04-25', 'جديد', 145, 5, 'إدراج هذا المشروع ضمن قائمة المشاريع الإستراتيجية طبقا لأحكام الفصل 5 من الأمر المذكور وعرضه على لجنة المشاريع الكبرى.', 3, 1, '2025-11-26 17:34:04'),
(23, 9, 58, 'مشروع طرق تخزين و نقل الفسفوجيبس من معامل المجمع الكيميائي التونسي بقفصة.', '2025-04-25', 'جديد', 145, 5, 'ادراج المشروع ضمن قائمة المشاريع الإسترتيجية الكبرى.', 3, 1, '2025-11-26 17:36:06'),
(24, 9, 58, 'مشروع إنجاز وحدة لصناعة الأسمدة المُحبّبة « SSP MCP » بالصخيرة.', '2025-04-25', 'جديد', 45, 5, 'إدراج هذا المشروع ضمن قائمة المشاريع الإستراتيجية طبقا لأحكام الفصل 5 من الأمر المذكور وعرضه على لجنة المشاريع الكبرى.', 3, 1, '2025-11-27 16:11:42'),
(25, 9, 58, 'مشروع تجديد وحدات في سلسلة إنتاج ثلاثي الفسفاط الرّفيع بمعمل المظيلة.', '2025-04-25', 'جديد', 48.5, 5, 'إدراج هذا المشروع ضمن قائمة المشاريع الإستراتيجية طبقا لأحكام الفصل 5 من الأمر المذكور وعرضه على لجنة المشاريع الكبرى.', 3, 1, '2025-11-27 16:40:08'),
(26, 9, 58, 'إنجاز مشروع نموذجي لإنتاج الأمونيا الخضراء بمعمل الأمونيترات بقابس.', '2025-04-25', 'جديد', 75, 5, 'إدراج هذا المشروع ضمن قائمة المشاريع الإستراتيجية طبقا لأحكام الفصل 5 من الأمر المذكور وعرضه على لجنة المشاريع الكبرى.', 3, 1, '2025-11-27 16:43:23'),
(27, 9, 58, 'مشروع وحدة الحامض الفسفوري المُنقّى بالصخيرة.', '2025-04-25', 'جديد', 280.02, 5, 'إدراج هذا المشروع ضمن قائمة المشاريع الإستراتيجية طبقا لأحكام الفصل 5 من الأمر المذكور وعرضه على لجنة المشاريع الكبرى.', 3, 1, '2025-11-27 16:45:36'),
(28, 9, 58, 'مشروع استكمال مشاريع القسط الثالث والملاحق لمعمل المظيلة 2.', '2025-04-25', 'جديد', 280.01, 5, 'إدراج هذا المشروع ضمن قائمة المشاريع الإستراتيجية طبقا لأحكام الفصل 5 من الأمر المذكور وعرضه على لجنة المشاريع الكبرى.', 3, 1, '2025-11-27 16:47:34'),
(29, 9, 59, 'مشروع مغسلة جديدة بمنطقة أم الخشب مدينة المتلوي', '2025-05-12', 'بصدد الإنجاز', 241.38, 5, 'إدراج هذا المشروع ضمن قائمة المشاريع الإستراتيجية طبقا لأحكام الفصل 5 من الأمر المذكور وعرضه على لجنة المشاريع الكبرى.', 2, 1, '2025-11-27 16:51:50'),
(30, 9, 59, 'مشروع الآبار التعويضية للمياه الصناعية.', '2025-04-25', 'بصدد الإنجاز', 8.3, 5, 'إدراج هذا المشروع ضمن قائمة المشاريع الإستراتيجية طبقا لأحكام الفصل 5 من الأمر المذكور وعرضه على لجنة المشاريع الكبرى.', 2, 1, '2025-11-27 16:56:03'),
(31, 9, 59, 'مشروع تركيز وحدة ترشيح ذات ضغط عالي بمغسلة كاف الدور.', '2025-05-12', 'بصدد الإنجاز', 20, 5, 'إدراج هذا المشروع ضمن قائمة المشاريع الإستراتيجية طبقا لأحكام الفصل 5 من الأمر المذكور وعرضه على لجنة المشاريع الكبرى.', 2, 1, '2025-11-27 16:59:07'),
(32, 9, 59, 'مشروع اقتناء اليات منجمية', '2025-05-12', 'بصدد الإنجاز', 233, 5, 'إدراج هذا المشروع ضمن قائمة المشاريع الإستراتيجية طبقا لأحكام الفصل 5 من الأمر المذكور وعرضه على لجنة المشاريع الكبرى.', 2, 1, '2025-11-27 17:01:19'),
(33, 9, 59, 'إنجاز دراسة مشروع توزر نفطة للفسفاط', '2025-04-25', 'بصدد الإنجاز', 10, 5, 'إدراج هذا المشروع ضمن قائمة المشاريع الإستراتيجية طبقا لأحكام الفصل 5 من الأمر المذكور وعرضه على لجنة المشاريع الكبرى.', 2, 1, '2025-11-27 17:03:33'),
(34, 9, 59, 'مشروع وحدة الإنتاج الجديدة بأم الخشب 2', '2025-05-12', 'بصدد الإنجاز', 160, 5, 'إدراج هذا المشروع ضمن قائمة المشاريع الإستراتيجية طبقا لأحكام الفصل 5 من الأمر المذكور وعرضه على لجنة المشاريع الكبرى.', 2, 1, '2025-11-27 17:05:30'),
(35, 9, 59, 'المشروع المندمج للنقل الهيدروليكي للفسفـاط نحو معامل المجمع الكيميائي التونسي و تيفارت اعتمادا على تحلية المياه و بواسطة الطاقة الشمسية.', '2025-04-25', 'بصدد الإنجاز', 1100, 5, 'إدراج هذا المشروع ضمن قائمة المشاريع الإستراتيجية طبقا لأحكام الفصل 5 من الأمر المذكور وعرضه على لجنة المشاريع الكبرى.', 2, 1, '2025-11-27 17:08:40'),
(36, 9, 59, 'مشروع تركيز محطة فوطوضوئية لتوليد الكهرباء بأم الخشب', '2025-04-25', 'بصدد الإنجاز', 45, 5, 'إدراج هذا المشروع ضمن قائمة المشاريع الإستراتيجية طبقا لأحكام الفصل 5 من الأمر المذكور وعرضه على لجنة المشاريع الكبرى.', 2, 1, '2025-11-27 17:12:10'),
(37, 9, 58, 'حول مشروع تصميم و إنجاز وحدة لتصنيع الأكياس البلاستيكة و طباعاتها و وحدة لتعبئة الأسمدة وفقا لصغة المفتاح في اليد بالمزونة.', '2025-09-24', 'جديد', 32, 5, 'إدراج هذا المشروع ضمن قائمة المشاريع الإستراتيجية طبقا لأحكام الفصل 5 من الأمر المذكور وعرضه على لجنة المشاريع الكبرى.', 3, 1, '2025-11-27 17:16:51'),
(38, 9, 58, 'مشروع اقتناء مقتصدات حرارية بمعمل الحامض الفسفوري ومعمل الداب بقابس.', '2025-04-25', 'جديد', 25, 5, 'إدراج هذا المشروع ضمن قائمة المشاريع الإستراتيجية طبقا لأحكام الفصل 5 من الأمر المذكور وعرضه على لجنة المشاريع الكبرى.', 2, 1, '2025-11-27 17:29:32'),
(39, 9, 58, 'مشروع تحويل وحدة الحامض الكبريتي بمعمل المظيلة من الامتصاص الآحادي إلى الامتصاص المضاعف مع نظام استرجاع الحرارة HRS.', '2025-05-24', 'جديد', 82.6, 5, 'إدراج هذا المشروع ضمن قائمة المشاريع الإستراتيجية طبقا لأحكام الفصل 5 من الأمر المذكور وعرضه على لجنة المشاريع الكبرى.', 3, 1, '2025-11-27 17:32:12'),
(40, 9, 58, 'مشروع إنجاز وحدة لصناعة الأسمدة المُحبّبة SSP-mcp بالصخيرة.', '2025-05-24', 'جديد', 45, 5, 'إدراج هذا المشروع ضمن قائمة المشاريع الإستراتيجية طبقا لأحكام الفصل 5 من الأمر المذكور وعرضه على لجنة المشاريع الكبرى.', 2, 1, '2025-11-27 17:34:16'),
(41, 9, 58, 'مشروع اقتناء مبرّدات الحامض الكبريتي بمعمل الحامض الفسفوري بقابس.', '2025-04-24', 'جديد', 3, 5, 'إدراج هذا المشروع ضمن قائمة المشاريع الإستراتيجية طبقا لأحكام الفصل 5 من الأمر المذكور وعرضه على لجنة المشاريع الكبرى.', 3, 1, '2025-11-27 17:36:15'),
(42, 9, 58, 'مشروع اقتناء محرّكات كهربائية ذات ضغط متوسّط لمعامل المجمع.', '2025-04-24', 'جديد', 2.2, 5, 'إدراج هذا المشروع ضمن قائمة المشاريع الإستراتيجية طبقا لأحكام الفصل 5 من الأمر المذكور وعرضه على لجنة المشاريع الكبرى.', 2, 1, '2025-11-27 17:41:14'),
(43, 9, 58, 'مشروع اقتناء قاطرة نقل عربات الفسفاط بمعمل المظيلة 1.', '2025-04-24', 'بصدد الإنجاز', 5, 5, 'إدراج هذا المشروع ضمن قائمة المشاريع الإستراتيجية طبقا لأحكام الفصل 5 من الأمر المذكور وعرضه على لجنة المشاريع الكبرى.', 2, 1, '2025-11-27 17:45:44'),
(44, 9, 58, 'مشروع اقتناء وتركيب وتشغيل وحدة ذاتية لتبريد مياه مكثّفات وضواغط الأمونيا بمعمل الأمونيترات بقابس.', '2025-04-24', 'جديد', 10, 5, 'إدراج هذا المشروع ضمن قائمة المشاريع الإستراتيجية طبقا لأحكام الفصل 5 من الأمر المذكور وعرضه على لجنة المشاريع الكبرى.', 3, 0, '2025-11-27 17:48:00'),
(45, 9, 58, 'مشروع الحدّ من انبعاث ثاني أكسيد الكبريت SO2 من وحدات الحامض الكبريتي أثناء فترات إعادة تشغيل الوحدات بكلّ من معمل الحامض الفسفوري (ICM3) ومعمل الداب بقابس ومعمل المظيلة 1.', '2025-05-24', 'جديد', 3, 5, 'إدراج هذا المشروع ضمن قائمة المشاريع الإستراتيجية طبقا لأحكام الفصل 5 من الأمر المذكور وعرضه على لجنة المشاريع الكبرى.', 3, 0, '2025-11-27 17:49:13'),
(46, 9, 58, 'مشروع اقتناء عنفة بخارية كاملة لوحدة الحامض الكبريتي بمعمل المظيلة 1.', '2025-05-24', 'جديد', 15, 5, 'إدراج هذا المشروع ضمن قائمة المشاريع الإستراتيجية طبقا لأحكام الفصل 5 من الأمر المذكور وعرضه على لجنة المشاريع الكبرى.', 3, 1, '2025-11-27 17:50:15'),
(47, 9, 58, 'مشروع اقتناء مرجلة مساعدة لمعمل المظيلة 2.', '2025-04-24', 'جديد', 20, 5, 'إدراج هذا المشروع ضمن قائمة المشاريع الإستراتيجية طبقا لأحكام الفصل 5 من الأمر المذكور وعرضه على لجنة المشاريع الكبرى.', 3, 0, '2025-11-27 17:51:18'),
(48, 9, 58, 'مشروع استبدال مفاعل الحامض الفسفوري 3510 بمعمل المظيلة 1.', '2025-04-24', 'بصدد الإنجاز', 5, 5, 'إدراج هذا المشروع ضمن قائمة المشاريع الإستراتيجية طبقا لأحكام الفصل 5 من الأمر المذكور وعرضه على لجنة المشاريع الكبرى.', 3, 0, '2025-11-27 17:52:52'),
(49, 9, 58, 'مشروع استكمال بناء مقرّ الإدارة الجهوية للمجمع الكيميائي التونسي بقابس.', '2025-04-24', 'جديد', 17.2, 5, 'إدراج هذا المشروع ضمن قائمة المشاريع الإستراتيجية طبقا لأحكام الفصل 5 من الأمر المذكور وعرضه على لجنة المشاريع الكبرى.', 3, 0, '2025-11-27 17:54:26'),
(50, 14, 46, 'مشروع إتمام إنجاز بناء المدرسة الوطنية للمهندسين ببنزرت.', '2025-01-09', 'بصدد الإنجاز', 6.3, 5, 'إدراج هذا المشروع ضمن قائمة المشاريع الإستراتيجية طبقا لأحكام الفصل 5 من الأمر المذكور وعرضه على لجنة المشاريع الكبرى.', 4, 1, '2025-11-27 17:56:40'),
(51, 16, 49, 'مشروع إستئناف إنجاز مشروع المدينة الرقمية بالنحلى.', '2025-10-15', 'بصدد الإنجاز', 44, 5, 'إدراج هذا المشروع ضمن قائمة المشاريع الإستراتيجية طبقا لأحكام الفصل 5 من الأمر المذكور وعرضه على لجنة المشاريع الكبرى.', 4, 1, '2025-11-27 17:59:11'),
(52, 17, 15, 'مشروع إنجاز ميناء المياه العميقة ومنطقة الخدمات اللوجستية بالنفيضة.', '2025-01-16', 'جديد', 3000, 5, 'إدراج هذا المشروع ضمن قائمة المشاريع الإستراتيجية طبقا لأحكام الفصل 5 من الأمر المذكور وعرضه على لجنة المشاريع الكبرى.', 2, 1, '2025-11-27 18:00:47'),
(53, 17, 15, 'مشروع إنجاز مركز حديث للصيانة و تجديد 20 عربة ذاتية الدفع لفائدة الشركة الوطنية للسكك الحديدية التونسية.', '2025-01-14', 'جديد', 400, 5, 'إدراج هذا المشروع ضمن قائمة المشاريع الإستراتيجية طبقا لأحكام الفصل 5 من الأمر المذكور وعرضه على لجنة المشاريع الكبرى.', 2, 0, '2025-11-27 18:04:04'),
(59, 9, 60, 'مشروع تهيئة المنطقة الصناعية النفيضة III من ولاية سوسة', '2025-09-10', 'جديد', 11.87, 5, 'إدراج هذا المشروع ضمن قائمة المشاريع الإستراتيجية طبقا لأحكام الفصل 5 من الأمر المذكور وعرضه على لجنة المشاريع الكبرى.', 2, 1, '2025-12-01 10:48:36'),
(65, 9, 60, 'مشروع أشغال تهيئة توسعة المنطقة الصناعية الكاف', '2025-10-09', 'جديد', 113, 4, 'إدراج هذا المشروع ضمن قائمة المشاريع الإستراتيجية طبقا لأحكام الفصل 5 من الأمر المذكور وعرضه على لجنة المشاريع الكبرى.', 2, 1, '2025-12-01 17:00:26'),
(66, 9, 60, 'مشروع تهيئة المنطقة الصناعية أمّ العظام من ولابة سيدي بوزيد', '2025-09-10', 'جديد', 19.99, 18, 'إدراج هذا المشروع ضمن قائمة المشاريع الإستراتيجية طبقا لأحكام الفصل 5 من الأمر المذكور وعرضه على لجنة المشاريع الكبرى.', 2, 1, '2025-12-01 17:05:12'),
(67, 9, 60, 'مشروع تهيئة المنطقة الصناعية هنشير بوتفاحة 2 من ولاية باجة', '2025-09-10', 'جديد', 11.22, 2, 'إدراج هذا المشروع ضمن قائمة المشاريع الإستراتيجية طبقا لأحكام الفصل 5 من الأمر المذكور وعرضه على لجنة المشاريع الكبرى.', 2, 1, '2025-12-01 17:07:26'),
(68, 9, 60, 'مشروع تهيئة المنطقة الصناعية بدقة من ولاية باجة', '2025-09-10', 'جديد', 11.8, 2, 'إدراج هذا المشروع ضمن قائمة المشاريع الإستراتيجية طبقا لأحكام الفصل 5 من الأمر المذكور وعرضه على لجنة المشاريع الكبرى.', 2, 1, '2025-12-01 17:09:21'),
(69, 9, 60, 'مشروع تهيئة المنطقة الصناعية بسيدي عاشور من ولاية منوبة', '2025-05-10', 'جديد', 9.99, 8, 'إدراج هذا المشروع ضمن قائمة المشاريع الإستراتيجية طبقا لأحكام الفصل 5 من الأمر المذكور وعرضه على لجنة المشاريع الكبرى.', 2, 1, '2025-12-01 17:11:01'),
(70, 9, 60, 'مشروع تكملة التهيئة وأشغال إنجاز محطة الضخ الكاف وادي الرمل من ولاية الكاف.', '2025-09-10', 'جديد', 7.2, 4, 'إدراج هذا المشروع ضمن قائمة المشاريع الإستراتيجية طبقا لأحكام الفصل 5 من الأمر المذكور وعرضه على لجنة المشاريع الكبرى.', 2, 1, '2025-12-01 17:13:38'),
(71, 7, 34, 'مشروع بناء المستشفي الجهوي صنف ب بتالة من ولاية القصرين.', '2025-09-10', 'جديد', 0.1, 13, 'إدراج هذا المشروع ضمن قائمة المشاريع الإستراتيجية طبقا لأحكام الفصل 5 من الأمر المذكور وعرضه على لجنة المشاريع الكبرى.', 2, 0, '2025-12-01 17:15:12');

-- --------------------------------------------------------

--
-- Structure de la table `projetcommission`
--

CREATE TABLE `projetcommission` (
  `idPc` int(11) NOT NULL,
  `idPro` int(11) NOT NULL,
  `idCom` int(11) NOT NULL,
  `naturePc` int(1) NOT NULL
) ENGINE=InnoDB DEFAULT CHARSET=utf8;

--
-- Déchargement des données de la table `projetcommission`
--

INSERT INTO `projetcommission` (`idPc`, `idPro`, `idCom`, `naturePc`) VALUES
(1, 12, 1, 21),
(2, 8, 1, 21),
(3, 9, 1, 21),
(4, 7, 1, 21),
(5, 6, 2, 21),
(6, 51, 2, 21),
(7, 50, 2, 21),
(8, 11, 3, 21),
(9, 10, 3, 21),
(10, 10, 4, 23),
(11, 50, 4, 23),
(12, 52, 4, 21),
(13, 12, 5, 22);

-- --------------------------------------------------------

--
-- Structure de la table `secteur`
--

CREATE TABLE `secteur` (
  `idSecteur` int(11) NOT NULL,
  `numSecteur` int(11) NOT NULL
) ENGINE=InnoDB DEFAULT CHARSET=utf8;

--
-- Déchargement des données de la table `secteur`
--

INSERT INTO `secteur` (`idSecteur`, `numSecteur`) VALUES
(1, 1),
(2, 2),
(3, 3),
(4, 4),
(5, 5);

-- --------------------------------------------------------

--
-- Structure de la table `suivi`
--

CREATE TABLE `suivi` (
  `idSuivi` int(11) NOT NULL,
  `idPro` int(11) NOT NULL,
  `sujet` varchar(300) NOT NULL,
  `dateCreation` int(11) NOT NULL
) ENGINE=InnoDB DEFAULT CHARSET=utf8;

-- --------------------------------------------------------

--
-- Structure de la table `user`
--

CREATE TABLE `user` (
  `idUser` int(11) NOT NULL,
  `nomUser` varchar(200) NOT NULL,
  `emailUser` varchar(300) NOT NULL,
  `typeCpt` int(1) NOT NULL,
  `login` varchar(20) NOT NULL,
  `pw` varchar(255) NOT NULL
) ENGINE=InnoDB DEFAULT CHARSET=utf8;

--
-- Déchargement des données de la table `user`
--

INSERT INTO `user` (`idUser`, `nomUser`, `emailUser`, `typeCpt`, `login`, `pw`) VALUES
(1, 'نضال الطرهوني', 'nidtar123@gmail.com', 1, 't.nidhal', '$2y$12$w47adqQpQIPgDZyZ41Dq4.bTBvXFi151ZXyZx9iPa7H9w1qoO2NDq'),
(2, 'إنصاف زمزم', 'insaf.zemzem2017@gmail.com', 2, 'admin', '$2y$12$HARA4nVt2ZHqv4SYTf1G0.bz1e5psG8yqSPH3mKeoQfacV2G/LUWO'),
(3, 'سفيان الخياري', 'sofian.khiari@pm.gov.tn', 2, 's.khiari', '$2y$12$LQv3c1yqjLVMwdfbqQXH/ubhBJ8K9bZQq8WJZ7.5qNLHh5sJxWpDC$2y$12$PkyoPQSAQ/ssivQVcABShOTr1oFPrpbLGR.gxKNZO4WLjSOdaik.S'),
(4, 'منى بن حسن', 'mouna.benhassen@pm.gov.tn', 2, 'm.benhassen', '$2y$12$dOJD2UpzQpvqgkcLsVJzTu7cIojj.7QB8zWSXgCnwUtM0jBGQ/2lq');

--
-- Index pour les tables déchargées
--

--
-- Index pour la table `appeloffre`
--
ALTER TABLE `appeloffre`
  ADD PRIMARY KEY (`idApp`),
  ADD KEY `idPro` (`idPro`);

--
-- Index pour la table `commission`
--
ALTER TABLE `commission`
  ADD PRIMARY KEY (`idCom`);

--
-- Index pour la table `document`
--
ALTER TABLE `document`
  ADD PRIMARY KEY (`idDoc`),
  ADD KEY `idx_document_idPro` (`idPro`);

--
-- Index pour la table `etablissement`
--
ALTER TABLE `etablissement`
  ADD PRIMARY KEY (`idEtablissement`),
  ADD KEY `idMinistere` (`idMinistere`),
  ADD KEY `idGouvernement` (`idGouvernement`);

--
-- Index pour la table `fournisseur`
--
ALTER TABLE `fournisseur`
  ADD PRIMARY KEY (`idFour`);

--
-- Index pour la table `gouvernorat`
--
ALTER TABLE `gouvernorat`
  ADD PRIMARY KEY (`idGov`),
  ADD KEY `idSecteur` (`idSecteur`);

--
-- Index pour la table `journal`
--
ALTER TABLE `journal`
  ADD PRIMARY KEY (`idJournal`);

--
-- Index pour la table `lot`
--
ALTER TABLE `lot`
  ADD PRIMARY KEY (`lidLot`),
  ADD KEY `idFournisseur` (`idFournisseur`),
  ADD KEY `idAppelOffre` (`idAppelOffre`);

--
-- Index pour la table `ministere`
--
ALTER TABLE `ministere`
  ADD PRIMARY KEY (`idMinistere`),
  ADD KEY `idGov` (`idGov`);

--
-- Index pour la table `projet`
--
ALTER TABLE `projet`
  ADD PRIMARY KEY (`idPro`),
  ADD KEY `idEtab` (`idEtab`),
  ADD KEY `idMinistere` (`idMinistere`),
  ADD KEY `idUser` (`idUser`),
  ADD KEY `id_Gov` (`id_Gov`);

--
-- Index pour la table `projetcommission`
--
ALTER TABLE `projetcommission`
  ADD PRIMARY KEY (`idPc`),
  ADD KEY `idCom` (`idCom`),
  ADD KEY `idPro` (`idPro`);

--
-- Index pour la table `secteur`
--
ALTER TABLE `secteur`
  ADD PRIMARY KEY (`idSecteur`);

--
-- Index pour la table `suivi`
--
ALTER TABLE `suivi`
  ADD PRIMARY KEY (`idSuivi`);

--
-- Index pour la table `user`
--
ALTER TABLE `user`
  ADD PRIMARY KEY (`idUser`);

--
-- AUTO_INCREMENT pour les tables déchargées
--

--
-- AUTO_INCREMENT pour la table `appeloffre`
--
ALTER TABLE `appeloffre`
  MODIFY `idApp` int(11) NOT NULL AUTO_INCREMENT;

--
-- AUTO_INCREMENT pour la table `commission`
--
ALTER TABLE `commission`
  MODIFY `idCom` int(11) NOT NULL AUTO_INCREMENT, AUTO_INCREMENT=6;

--
-- AUTO_INCREMENT pour la table `document`
--
ALTER TABLE `document`
  MODIFY `idDoc` int(11) NOT NULL AUTO_INCREMENT, AUTO_INCREMENT=134;

--
-- AUTO_INCREMENT pour la table `etablissement`
--
ALTER TABLE `etablissement`
  MODIFY `idEtablissement` int(11) NOT NULL AUTO_INCREMENT, AUTO_INCREMENT=61;

--
-- AUTO_INCREMENT pour la table `fournisseur`
--
ALTER TABLE `fournisseur`
  MODIFY `idFour` int(11) NOT NULL AUTO_INCREMENT;

--
-- AUTO_INCREMENT pour la table `gouvernorat`
--
ALTER TABLE `gouvernorat`
  MODIFY `idGov` int(11) NOT NULL AUTO_INCREMENT, AUTO_INCREMENT=25;

--
-- AUTO_INCREMENT pour la table `journal`
--
ALTER TABLE `journal`
  MODIFY `idJournal` int(11) NOT NULL AUTO_INCREMENT, AUTO_INCREMENT=228;

--
-- AUTO_INCREMENT pour la table `lot`
--
ALTER TABLE `lot`
  MODIFY `lidLot` int(11) NOT NULL AUTO_INCREMENT;

--
-- AUTO_INCREMENT pour la table `ministere`
--
ALTER TABLE `ministere`
  MODIFY `idMinistere` int(11) NOT NULL AUTO_INCREMENT, AUTO_INCREMENT=26;

--
-- AUTO_INCREMENT pour la table `projet`
--
ALTER TABLE `projet`
  MODIFY `idPro` int(11) NOT NULL AUTO_INCREMENT, AUTO_INCREMENT=72;

--
-- AUTO_INCREMENT pour la table `projetcommission`
--
ALTER TABLE `projetcommission`
  MODIFY `idPc` int(11) NOT NULL AUTO_INCREMENT, AUTO_INCREMENT=14;

--
-- AUTO_INCREMENT pour la table `secteur`
--
ALTER TABLE `secteur`
  MODIFY `idSecteur` int(11) NOT NULL AUTO_INCREMENT, AUTO_INCREMENT=9;

--
-- AUTO_INCREMENT pour la table `suivi`
--
ALTER TABLE `suivi`
  MODIFY `idSuivi` int(11) NOT NULL AUTO_INCREMENT;

--
-- AUTO_INCREMENT pour la table `user`
--
ALTER TABLE `user`
  MODIFY `idUser` int(11) NOT NULL AUTO_INCREMENT, AUTO_INCREMENT=12;

--
-- Contraintes pour les tables déchargées
--

--
-- Contraintes pour la table `appeloffre`
--
ALTER TABLE `appeloffre`
  ADD CONSTRAINT `appeloffre_ibfk_1` FOREIGN KEY (`idPro`) REFERENCES `projet` (`idPro`);

--
-- Contraintes pour la table `document`
--
ALTER TABLE `document`
  ADD CONSTRAINT `document_ibfk_1` FOREIGN KEY (`idPro`) REFERENCES `projet` (`idPro`) ON DELETE CASCADE;

--
-- Contraintes pour la table `etablissement`
--
ALTER TABLE `etablissement`
  ADD CONSTRAINT `etablissement_ibfk_1` FOREIGN KEY (`idMinistere`) REFERENCES `ministere` (`idMinistere`),
  ADD CONSTRAINT `etablissement_ibfk_2` FOREIGN KEY (`idGouvernement`) REFERENCES `gouvernorat` (`idGov`);

--
-- Contraintes pour la table `gouvernorat`
--
ALTER TABLE `gouvernorat`
  ADD CONSTRAINT `gouvernorat_ibfk_1` FOREIGN KEY (`idSecteur`) REFERENCES `secteur` (`idSecteur`);

--
-- Contraintes pour la table `lot`
--
ALTER TABLE `lot`
  ADD CONSTRAINT `lot_ibfk_1` FOREIGN KEY (`idFournisseur`) REFERENCES `fournisseur` (`idFour`),
  ADD CONSTRAINT `lot_ibfk_2` FOREIGN KEY (`idAppelOffre`) REFERENCES `appeloffre` (`idApp`);

--
-- Contraintes pour la table `ministere`
--
ALTER TABLE `ministere`
  ADD CONSTRAINT `ministere_ibfk_1` FOREIGN KEY (`idGov`) REFERENCES `gouvernorat` (`idGov`);

--
-- Contraintes pour la table `projet`
--
ALTER TABLE `projet`
  ADD CONSTRAINT `projet_ibfk_1` FOREIGN KEY (`idEtab`) REFERENCES `etablissement` (`idEtablissement`),
  ADD CONSTRAINT `projet_ibfk_2` FOREIGN KEY (`idMinistere`) REFERENCES `ministere` (`idMinistere`),
  ADD CONSTRAINT `projet_ibfk_3` FOREIGN KEY (`idUser`) REFERENCES `user` (`idUser`),
  ADD CONSTRAINT `projet_ibfk_4` FOREIGN KEY (`id_Gov`) REFERENCES `gouvernorat` (`idGov`);

--
-- Contraintes pour la table `projetcommission`
--
ALTER TABLE `projetcommission`
  ADD CONSTRAINT `projetcommission_ibfk_1` FOREIGN KEY (`idCom`) REFERENCES `commission` (`idCom`),
  ADD CONSTRAINT `projetcommission_ibfk_2` FOREIGN KEY (`idPro`) REFERENCES `projet` (`idPro`);
COMMIT;

/*!40101 SET CHARACTER_SET_CLIENT=@OLD_CHARACTER_SET_CLIENT */;
/*!40101 SET CHARACTER_SET_RESULTS=@OLD_CHARACTER_SET_RESULTS */;
/*!40101 SET COLLATION_CONNECTION=@OLD_COLLATION_CONNECTION */;
