-- phpMyAdmin SQL Dump
-- version 5.1.1
-- https://www.phpmyadmin.net/
--
-- Hôte : 127.0.0.1
-- Généré le : lun. 02 fév. 2026 à 16:56
-- Version du serveur : 10.4.21-MariaDB
-- Version de PHP : 7.3.31

SET SQL_MODE = "NO_AUTO_VALUE_ON_ZERO";
START TRANSACTION;
SET time_zone = "+00:00";


/*!40101 SET @OLD_CHARACTER_SET_CLIENT=@@CHARACTER_SET_CLIENT */;
/*!40101 SET @OLD_CHARACTER_SET_RESULTS=@@CHARACTER_SET_RESULTS */;
/*!40101 SET @OLD_COLLATION_CONNECTION=@@COLLATION_CONNECTION */;
/*!40101 SET NAMES utf8mb4 */;

--
-- Base de données : `grandprojet`
--

-- --------------------------------------------------------

--
-- Structure de la table `appeloffre`
--

CREATE TABLE `appeloffre` (
  `idApp` int(11) NOT NULL,
  `idPro` int(11) NOT NULL,
  `dateCreation` date NOT NULL
) ENGINE=InnoDB DEFAULT CHARSET=utf8;

-- --------------------------------------------------------

--
-- Structure de la table `commission`
--

CREATE TABLE `commission` (
  `idCom` int(11) NOT NULL,
  `numCommission` int(10) NOT NULL,
  `dateCommission` date NOT NULL
) ENGINE=InnoDB DEFAULT CHARSET=utf8;

-- --------------------------------------------------------

--
-- Structure de la table `document`
--

CREATE TABLE `document` (
  `idDoc` int(11) NOT NULL,
  `idPro` int(11) DEFAULT NULL,
  `libDoc` varchar(200) NOT NULL,
  `cheminAcces` varchar(400) NOT NULL,
  `type` int(11) NOT NULL,
  `idExterne` int(11) NOT NULL
) ENGINE=InnoDB DEFAULT CHARSET=utf8;

--
-- Déchargement des données de la table `document`
--

INSERT INTO `document` (`idDoc`, `idPro`, `libDoc`, `cheminAcces`, `type`, `idExterne`) VALUES
(165, 73, 'مقترح المشروع لمشروع اقتناء 30 عربة ميترو', '../uploads/documents/doc_73_1770024831.pdf', 1, 73),
(166, 73, 'التقرير الرقابي لمشروع اقتناء 30 عربة ميترو', '../uploads/documents/taqrir_73_1770024934.pdf', 11, 73),
(167, 74, 'مقترح إدراج مشروع منصة أسواق الوسط', '../uploads/documents/doc_74_1770026505.pdf', 1, 74),
(168, 74, 'التقرير الرقابي لمنصة أسواق الوسط', '../uploads/documents/taqrir_74_1770026586.pdf', 11, 74),
(169, 75, 'مقترح إدراج مشروع المستشفي الجهوي بئر على بن خليفة', '../uploads/documents/doc_75_1770027003.pdf', 1, 75),
(170, 75, 'التقرير الرقابي مشروع المستشفي الجهوي بئر على بن خليفة', '../uploads/documents/taqrir_75_1770027022.pdf', 11, 75),
(171, 76, 'مقترح إدراج المستشفي الجامعي الهادي شاكر بصفاقس', '../uploads/documents/doc_76_1770027323.pdf', 1, 76),
(172, 76, 'التقرير الرقابي المستشفي الجامعي الهادي شاكر بصفاقس', '../uploads/documents/taqrir_76_1770027345.pdf', 11, 76),
(173, 77, 'مقترح ادراج مستشفى سبيطلة', '../uploads/documents/doc_77_1770040399.pdf', 1, 77),
(174, 77, 'التقرير الرقابي مستشفى سبيطلة', '../uploads/documents/taqrir_77_1770040419.pdf', 11, 77),
(175, 78, 'مقترح إدراج مشروع مستشفى نفطة', '../uploads/documents/doc_78_1770040772.pdf', 1, 78),
(176, 78, 'التقرير الرقابي لمشروع مستشفي نفطة', '../uploads/documents/taqrir_78_1770040816.pdf', 11, 78),
(177, 79, 'مقترح إدراج الملعب الأولمبي بالمنزه', '../uploads/documents/doc_79_1770041147.pdf', 1, 79),
(178, 79, 'التقرير الرقابي للملعب الأولمبي بالمنزه', '../uploads/documents/taqrir_79_1770041164.pdf', 11, 79),
(179, 80, 'مقترح إدراج مشروع بناء الموارد التكنولوجية بالقطب التكنولوجي بسيدي ثابت', '../uploads/documents/doc_80_1770041401.pdf', 1, 80),
(180, 81, 'مقترح إدراج مشروع مدينة الأغالبة', '../uploads/documents/doc_81_1770041605.pdf', 1, 81),
(181, 81, 'التقرير الرقابي ممشروع مدينة الأغالبة', '../uploads/documents/taqrir_81_1770041634.pdf', 11, 81),
(182, 80, 'التقرير الرقابي ناء الموارد التكنولوجية بالقطب التكنولوجي بسيدي ثابت', '../uploads/documents/taqrir_80_1770041680.pdf', 11, 80),
(183, 82, 'مقترح إدراج مشروع اقتناء أبراج امتصاص الحامض الكبريتي', '../uploads/documents/doc_82_1770041922.pdf', 1, 82),
(184, 82, 'التقرير الرقابي مشروع اقتناء أبراج امتصاص الحامض الكبريتي', '../uploads/documents/taqrir_82_1770041941.pdf', 11, 82),
(185, 83, 'مقترح إدراج مشروع اقتناء وحدة تحلية المياه بالتناضح العكسي بمعمل المظيلة 1', '../uploads/documents/doc_83_1770042170.pdf', 1, 83),
(186, 83, 'التقرير الرقابي مقترح إدراج مشروع اقتناء وحدة تحلية المياه بالتناضح العكسي بمعمل المظيلة 1.', '../uploads/documents/taqrir_83_1770042195.pdf', 11, 83),
(187, 84, 'مقترح إدراج مشروع إنجاز وحدة تحلية المياه بالتناضح العكسي بمعمل الحامض الفسفوري بقابس', '../uploads/documents/doc_84_1770042749.pdf', 1, 84),
(188, 84, 'التقرير الرقابي مشروع إنجاز وحدة تحلية المياه بالتناضح العكسي بمعمل الحامض الفسفوري بقابس.pdf', '../uploads/documents/taqrir_84_1770042798.pdf', 11, 84),
(189, 85, 'مقترح ادراج مشروع اقتناء عنفتين بخاريتيْن كاملتيْن لوحدتيْ الحامض الكبريتي لمعمل الصخيرة', '../uploads/documents/doc_85_1770043124.pdf', 1, 85),
(190, 85, 'التقرير الرقابي مقترح ادراج مشروع اقتناء عنفتين بخاريتيْن كاملتيْن لوحدتيْ الحامض الكبريتي لمعمل الصخيرة.', '../uploads/documents/taqrir_85_1770043140.pdf', 11, 85),
(191, 86, 'مقترح إدراج مشروع اقتناء مرشّحيْن للحامض الفسفوري بمعمل الصخيرة.pdf', '../uploads/documents/doc_86_1770043734.pdf', 1, 86),
(192, 86, 'التقرير الرقابي مشروع اقتناء مرشّحيْن للحامض الفسفوري بمعمل الصخيرة.pdf', '../uploads/documents/taqrir_86_1770043750.pdf', 11, 86),
(193, 87, 'مقترح إدراج  تحويل وحدة الحامض الكبريتي بمعمل الحامض الفسفوري بقابس', '../uploads/documents/doc_87_1770043947.pdf', 1, 87),
(194, 87, 'التقرير الرقابي  تحويل وحدة الحامض الكبريتي بمعمل الحامض الفسفوري بقابس', '../uploads/documents/taqrir_87_1770043957.pdf', 11, 87),
(195, 88, 'مقترح إدراج وحدات الحامض الكبريتي بمعمل الصخيرة', '../uploads/documents/doc_88_1770044541.pdf', 1, 88),
(196, 88, 'التقرير الرقابي وحدات الحامض الكبريتي بمعمل الصخيرة', '../uploads/documents/taqrir_88_1770044554.pdf', 11, 88),
(197, 89, 'مقترح ادراج مصب لتكديس الفسفوجيبس بالطريقة المبلّلة بمعمل الصخيرة', '../uploads/documents/doc_89_1770044805.pdf', 1, 89),
(198, 89, 'التقرير الرقابي مصب لتكديس الفسفوجيبس بالطريقة المبلّلة بمعمل الصخيرة', '../uploads/documents/taqrir_89_1770044826.pdf', 11, 89),
(199, 90, 'مقترح إدراج طرق تخزين و نقل الفسفوجيبس من معامل المجمع الكيميائي التونسي بقفصة', '../uploads/documents/doc_90_1770045273.pdf', 1, 90),
(200, 90, 'التقرير الرقابي طرق تخزين و نقل الفسفوجيبس من معامل المجمع الكيميائي التونسي بقفصة', '../uploads/documents/taqrir_90_1770045289.pdf', 11, 90),
(201, 91, 'مقترح إدراج وحدة لصناعة الأسمدة المُحبّبة « SSP MCP » بالصخيرة', '../uploads/documents/doc_91_1770045424.pdf', 1, 91),
(202, 91, 'التقرير الرقابي وحدة لصناعة الأسمدة المُحبّبة « SSP MCP » بالصخيرة', '../uploads/documents/taqrir_91_1770045455.pdf', 11, 91),
(203, 73, 'مقترح إسناد صفقة اقتناء 30 عربة ميترو', '../uploads/documents/file_73_1770046409.pdf', 14, 73);

-- --------------------------------------------------------

--
-- Structure de la table `etablissement`
--

CREATE TABLE `etablissement` (
  `idEtablissement` int(11) NOT NULL,
  `libEtablissement` varchar(300) NOT NULL,
  `adrEtablissement` varchar(300) NOT NULL,
  `idMinistere` int(11) NOT NULL,
  `idGouvernement` int(11) NOT NULL
) ENGINE=InnoDB DEFAULT CHARSET=utf8;

--
-- Déchargement des données de la table `etablissement`
--

INSERT INTO `etablissement` (`idEtablissement`, `libEtablissement`, `adrEtablissement`, `idMinistere`, `idGouvernement`) VALUES
(1, 'الهيئة الوطنية لحماية المعطيات الشخصية', '1 نهج محمد معلى 1002 ميتيال فيل تونس', 1, 5),
(2, 'الشركة الجديدة للطباعة والصحافة والنشر', '6 ، نهج علي باش حامبة 1000 تونس', 1, 5),
(3, 'وكالة تونس افريقيا للانباء', '7 شارع سليمان بن سليمان 2092 – المنار الثاني- تونس', 1, 5),
(4, 'المطبعة الرسمية للجمهورية التونسية', 'شارع فرحات حشاد - رادس المدينة 2098 تونس', 1, 7),
(5, 'الأرشيف الوطني التونسي', '122, Boulevard 9 avril 1938, Tunis', 1, 5),
(6, 'التلفزة التونسية', 'Rue de la Ligue Arabe, Belvédère - Tunis 1002\r\n', 1, 5),
(7, 'الإذاعة الوطنية', '71 شارع الحرية تونس', 1, 5),
(8, 'السجل الوطني للمؤسسات', 'ﻋـﺪد 1 ﻧـﻬـﺞ اﺑﻮ اﻟـﻌﺒﺎس اﻟﻘـﺴﻨـﻄﻴﻨﻲ اﻟﺤﻲ اﻻوﻟﻤﺒﻲ، ص.ب 66 - ﺗﻮﻧﺲ 1003 - ﺗﻮﻧﺲ', 1, 5),
(9, 'المجمع التونسي للعلوم والآداب والفنون -بيت الحكمة', 'المجمع التونسي للعلوم والآداب والفنون -بيت الحكمة', 1, 5),
(10, 'المركز الوطني للتوثيق', 'نهج عبد الرزاق الشرايبي 1000 تونس', 1, 5),
(11, 'مركز إفادة	', '66 شارع معاوية إبن ابي سفيان -2037- المنزه السابع\r\n', 1, 5),
(12, 'المدرسة الوطنية للإدارة', '24 نهج الدكتور كلمات ميتيال فيل تونس', 1, 5),
(13, 'المركز الأفريقي لتدريب الصحفيين والاتصال	', '9 نهج هوكر دوليتل 1002 تونس بلفيدار - تونس', 1, 5),
(15, 'الوزارة', '', 17, 5),
(33, 'الوزارة', '', 11, 5),
(34, 'الوزارة', '', 7, 5),
(35, 'الوزارة', '', 15, 5),
(36, 'الوزارة', '', 8, 5),
(37, 'الوزارة', '', 9, 5),
(38, 'الوزارة', '', 2, 5),
(39, 'الوزارة', '', 3, 5),
(40, 'الوزارة', '', 4, 5),
(41, 'الوزارة', '', 5, 5),
(42, 'الوزارة', '', 6, 5),
(43, 'الوزارة', '', 10, 5),
(44, 'الوزارة', '', 12, 5),
(45, 'الوزارة', '', 13, 5),
(46, 'الوزارة', '', 14, 5),
(47, 'الوزارة', '', 18, 5),
(48, 'الوزارة', '', 5, 5),
(49, 'الوزارة', '', 16, 5),
(50, 'الوزارة', '', 19, 5),
(51, 'الوزارة', '', 20, 5),
(52, 'الوزارة', '', 21, 5),
(53, 'الوزارة', '', 22, 5),
(54, 'الوزارة', '', 23, 5),
(55, 'الوزارة', '', 24, 5),
(56, 'الوزارة', '', 25, 5),
(57, 'الوزارة', '', 5, 5),
(58, 'المجمع الكيميائي التونسي', '', 9, 5),
(59, 'شركة فسفاط قفصة', '', 9, 5),
(60, '	الوكالة العقارية الصناعية', '', 9, 5);

-- --------------------------------------------------------

--
-- Structure de la table `fournisseur`
--

CREATE TABLE `fournisseur` (
  `idFour` int(11) NOT NULL,
  `nomFour` varchar(200) NOT NULL,
  `adresseFour` varchar(300) NOT NULL,
  `telFour` int(11) NOT NULL,
  `emailFour` varchar(200) NOT NULL,
  `rib` varchar(30) NOT NULL
) ENGINE=InnoDB DEFAULT CHARSET=utf8;

--
-- Déchargement des données de la table `fournisseur`
--

INSERT INTO `fournisseur` (`idFour`, `nomFour`, `adresseFour`, `telFour`, `emailFour`, `rib`) VALUES
(1, 'مقالة بني هلال لللأشغال العامة ', '', 0, '', ''),
(2, 'القروي و شركائه ', '', 0, '', ''),
(3, 'SEGE', '', 0, '', ''),
(4, 'EBE', '', 0, '', ''),
(5, 'SIT', '', 0, '', ''),
(6, 'مقاولة مزهودة و أبناؤه ', '', 0, '', ''),
(7, 'كوتيماث ', '', 0, '', ''),
(8, 'COGETEL', '', 0, '', '');

-- --------------------------------------------------------

--
-- Structure de la table `gouvernorat`
--

CREATE TABLE `gouvernorat` (
  `idGov` int(11) NOT NULL,
  `libGov` varchar(100) NOT NULL,
  `positionGov` varchar(100) NOT NULL,
  `idSecteur` int(11) NOT NULL
) ENGINE=InnoDB DEFAULT CHARSET=utf8;

--
-- Déchargement des données de la table `gouvernorat`
--

INSERT INTO `gouvernorat` (`idGov`, `libGov`, `positionGov`, `idSecteur`) VALUES
(1, 'بنزرت', 'الشمال الغربي', 1),
(2, 'باجة', 'الشمال الغربي', 1),
(3, 'جندوبة', 'الشمال الغربي', 1),
(4, 'الكاف', 'الشمال الغربي', 1),
(5, 'تونس', 'تونس الكبرى', 2),
(6, 'أريانة', 'تونس الكبرى', 2),
(7, 'بن عروس', 'تونس الكبرى', 2),
(8, 'منوبة', 'تونس الكبرى', 2),
(9, 'زغوان', 'الساحل', 2),
(10, 'نابل', 'الساحل', 2),
(11, 'سليانة', 'الشمال الغربي', 3),
(12, 'سوسة', 'الساحل', 3),
(13, 'القصرين', 'الجنوب الغربي', 3),
(14, 'القيروان', 'الجنوب الغربي', 3),
(15, 'المنستير', 'الساحل', 3),
(16, 'المهدية', 'الساحل', 3),
(17, 'توزر', 'الجنوب الغربي', 4),
(18, 'سيدي بوزيد', 'الجنوب الغربي', 4),
(19, 'صفاقس', 'إقليم صفاقس', 4),
(20, 'قفصة', 'الجنوب الغربي', 4),
(21, 'تطاوين', 'الجنوب الشرقي', 5),
(22, 'قابس', 'الجنوب الشرقي', 5),
(23, 'قبلي', 'الجنوب الشرقي', 5),
(24, 'مدنين', 'الجنوب الشرقي', 5);

-- --------------------------------------------------------

--
-- Structure de la table `journal`
--

CREATE TABLE `journal` (
  `idJournal` int(11) NOT NULL,
  `idUser` int(11) NOT NULL,
  `action` varchar(400) NOT NULL,
  `date` date NOT NULL
) ENGINE=InnoDB DEFAULT CHARSET=utf8;

--
-- Déchargement des données de la table `journal`
--

INSERT INTO `journal` (`idJournal`, `idUser`, `action`, `date`) VALUES
(1, 8, 'تسجيل الدخول', '2025-11-21'),
(2, 8, 'تسجيل الخروج', '2025-11-21'),
(3, 8, 'تسجيل الدخول', '2025-11-21'),
(4, 8, 'تسجيل الخروج', '2025-11-21'),
(5, 8, 'تسجيل الدخول', '2025-11-21'),
(6, 8, 'تسجيل الخروج', '2025-11-21'),
(7, 8, 'تسجيل الدخول', '2025-11-21'),
(8, 8, 'تسجيل الخروج', '2025-11-21'),
(9, 8, 'تسجيل الدخول', '2025-11-21'),
(10, 8, 'تسجيل الخروج', '2025-11-21'),
(11, 8, 'تسجيل الدخول', '2025-11-21'),
(12, 8, 'تسجيل الخروج', '2025-11-21'),
(13, 8, 'تسجيل الدخول', '2025-11-21'),
(14, 8, 'تسجيل الخروج', '2025-11-21'),
(15, 1, 'تسجيل الدخول', '2025-11-21'),
(16, 1, 'تسجيل الخروج', '2025-11-21'),
(17, 1, 'تسجيل الدخول', '2025-11-21'),
(18, 1, 'تسجيل الدخول', '2025-11-24'),
(19, 1, 'تسجيل الدخول', '2025-11-24'),
(20, 34, 'تسجيل الخروج', '2025-11-24'),
(21, 1, 'تسجيل الدخول', '2025-11-24'),
(22, 1, 'تسجيل الخروج', '2025-11-24'),
(23, 1, 'تسجيل الدخول', '2025-11-24'),
(24, 1, 'تسجيل الدخول', '2025-11-24'),
(25, 34, 'تسجيل الخروج', '2025-11-24'),
(26, 1, 'تسجيل الدخول', '2025-11-24'),
(27, 1, 'تسجيل الدخول', '2025-11-24'),
(28, 1, 'تسجيل الدخول', '2025-11-24'),
(29, 34, 'تسجيل الخروج', '2025-11-24'),
(30, 1, 'تسجيل الدخول', '2025-11-24'),
(31, 34, 'تسجيل الخروج', '2025-11-24'),
(32, 1, 'تسجيل الدخول', '2025-11-24'),
(33, 34, 'تسجيل الخروج', '2025-11-24'),
(34, 1, 'تسجيل الدخول', '2025-11-24'),
(35, 1, 'إضافة مقترح جديد رقم 6: مشروع اقتناء 30 عربة مترو لف?', '2025-11-24'),
(36, 34, 'تسجيل الخروج', '2025-11-24'),
(37, 1, 'تسجيل الدخول', '2025-11-24'),
(38, 34, 'تسجيل الخروج', '2025-11-24'),
(39, 1, 'تسجيل الدخول', '2025-11-24'),
(40, 34, 'تسجيل الخروج', '2025-11-24'),
(41, 1, 'تسجيل الدخول', '2025-11-24'),
(42, 1, 'إضافة مقترح جديد رقم 7: مشروع منصة أسواق الإنتاج ال', '2025-11-24'),
(43, 1, 'تسجيل الدخول', '2025-11-25'),
(44, 1, 'تسجيل الدخول', '2025-11-25'),
(45, 1, 'تسجيل الدخول', '2025-11-26'),
(46, 1, 'إضافة التقرير الرقابي للمقترح رقم 6: التقرير الرقابي مشروع اقتناء 30 عربة مترو.', '2025-11-26'),
(47, 1, 'إضافة التقرير الرقابي للمقترح رقم 7: ت ق منصة أسواق الإنتاج الوسط', '2025-11-26'),
(48, 1, 'إضافة مقترح جديد رقم 8: مشروع بناء المستشفى الجهوي ', '2025-11-26'),
(49, 1, 'إضافة التقرير الرقابي للمقترح رقم 8: ت ر لبناء المستشفى الجهوي ببئر على بن خليفة', '2025-11-26'),
(50, 1, 'إضافة مقترح جديد رقم 9: مشروع دعم اسس و هياكل المبن?', '2025-11-26'),
(51, 1, 'إضافة التقرير الرقابي للمقترح رقم 9: ت ق مشروع دعم اسس و هياكل المبني الرئيسي بالمستشفي الجامعي الهادي شاكر', '2025-11-26'),
(52, 1, 'إضافة مقترح جديد رقم 10: ادراج مشروع بناء المستشفى ا', '2025-11-26'),
(53, 1, 'إضافة التقرير الرقابي للمقترح رقم 10: ت ر مشروع بناء المستشفى الجهوي صنف &quot;ب&quot; بسبيطلة', '2025-11-26'),
(54, 1, 'إضافة مقترح جديد رقم 11: ادراج مشروع بناء المستشفى ا', '2025-11-26'),
(55, 1, 'إضافة التقرير الرقابي للمقترح رقم 11: ت ر مشروع بناء المستشفى الجهوي صنف ب نفطة', '2025-11-26'),
(56, 1, 'إضافة مقترح جديد رقم 12: حول مشروع تهيئة الملعب الأو', '2025-11-26'),
(57, 1, 'إضافة التقرير الرقابي للمقترح رقم 12: ت ر مشروع تهيئة الملعب الأولمبي بالمنزه', '2025-11-26'),
(58, 1, 'إضافة مقترح جديد رقم 13: حول النظر فى عرض مشروع بناء ', '2025-11-26'),
(59, 1, 'إضافة التقرير الرقابي للمقترح رقم 13: ت ر بناء الموارد التكنولوجية بالقطب التكنولوجي بسيدي ثابت', '2025-11-26'),
(60, 1, 'إضافة مقترح جديد رقم 14: مشروع بناء مدينة الأغالبة ا', '2025-11-26'),
(61, 1, 'إضافة التقرير الرقابي للمقترح رقم 14: ت ر مشروع بناء مدينة الأغالبة الطبية بالقيروان.', '2025-11-26'),
(62, 1, 'إضافة مقترح جديد رقم 15: مشروع اقتناء أبراج امتصاص ا', '2025-11-26'),
(63, 1, 'إضافة التقرير الرقابي للمقترح رقم 15: ت ر  اقتناء أبراج امتصاص الحامض الكبريتي', '2025-11-26'),
(64, 1, 'إضافة مقترح جديد رقم 16: مشروع اقتناء وحدة تحلية الم', '2025-11-26'),
(65, 1, 'إضافة التقرير الرقابي للمقترح رقم 16: ت ر وحدة تحلية المياه بالتناضح العكسي', '2025-11-26'),
(66, 1, 'إضافة مقترح جديد رقم 17: مشروع إنجاز وحدة تحلية المي', '2025-11-26'),
(67, 1, 'إضافة التقرير الرقابي للمقترح رقم 17: ت ر وحدة تحلية المياه بالتناضح العكسي', '2025-11-26'),
(68, 1, 'إضافة مقترح جديد رقم 18: مشروع اقتناء عنفتين بخاريت?', '2025-11-26'),
(69, 1, 'إضافة التقرير الرقابي للمقترح رقم 18: ت ر اقتناء عنفتين بخاريتيْن كاملتيْن', '2025-11-26'),
(70, 1, 'إضافة مقترح جديد رقم 19: مشروع اقتناء مرشّحيْن للحا?', '2025-11-26'),
(71, 1, 'إضافة التقرير الرقابي للمقترح رقم 19: ت ر اقتناء مرشّحيْن للحامض الفسفوري', '2025-11-26'),
(72, 1, 'إضافة مقترح جديد رقم 20: مشروع تحويل وحدة الحامض الك', '2025-11-26'),
(73, 1, 'إضافة التقرير الرقابي للمقترح رقم 20: ت ر وحدة الحامض الكبريتي', '2025-11-26'),
(74, 1, 'إضافة مقترح جديد رقم 21: مشروع تحويل وحدات الحامض ال', '2025-11-26'),
(75, 1, 'إضافة التقرير الرقابي للمقترح رقم 21: ت ر  تحويل وحدات الحامض الكبريتي', '2025-11-26'),
(76, 1, 'إضافة مقترح جديد رقم 22: مشروع تهيئة مصب لتكديس الفس', '2025-11-26'),
(77, 1, 'إضافة التقرير الرقابي للمقترح رقم 22: ت ر  تهيئة مصب لتكديس الفسفوجيبس', '2025-11-26'),
(78, 1, 'إضافة مقترح جديد رقم 23: مشروع طرق تخزين و نقل الفسف?', '2025-11-26'),
(79, 1, 'إضافة التقرير الرقابي للمقترح رقم 23: ت ر  طرق تخزين و نقل الفسفوجيبس', '2025-11-26'),
(80, 1, 'تسجيل الدخول', '2025-11-27'),
(81, 1, 'إضافة مقترح جديد رقم 24: مشروع إنجاز وحدة لصناعة الأ', '2025-11-27'),
(82, 1, 'إضافة التقرير الرقابي للمقترح رقم 24: وحدة لصناعة الأسمدة المُحبّبة - تغيير الحالة إلى الإحالة على اللجنة', '2025-11-27'),
(83, 1, 'إضافة مقترح جديد رقم 25: مشروع تجديد وحدات في سلسلة ?', '2025-11-27'),
(84, 1, 'إضافة التقرير الرقابي للمقترح رقم 25: ت ر تجديد وحدات في سلسلة إنتاج - تغيير الحالة إلى الإحالة على اللجنة', '2025-11-27'),
(85, 1, 'تسجيل الدخول', '2025-11-27'),
(86, 1, 'إضافة مقترح جديد رقم 26: إنجاز مشروع نموذجي لإنتاج ا', '2025-11-27'),
(87, 1, 'إضافة التقرير الرقابي للمقترح رقم 26: ت ر مشروع نموذجي لإنتاج الأمونيا الخضراء بمعمل الأمونيترات - تغيير الحالة إلى الإحالة على اللجنة', '2025-11-27'),
(88, 1, 'إضافة مقترح جديد رقم 27: مشروع وحدة الحامض الفسفوري ', '2025-11-27'),
(89, 1, 'إضافة التقرير الرقابي للمقترح رقم 27: وحدة الحامض الفسفوري - تغيير الحالة إلى الإحالة على اللجنة', '2025-11-27'),
(90, 1, 'إضافة مقترح جديد رقم 28: مشروع استكمال مشاريع القسط ', '2025-11-27'),
(91, 1, 'إضافة التقرير الرقابي للمقترح رقم 28: مشاريع القسط الثالث والملاحق لمعمل  المظيلة 2 - تغيير الحالة إلى الإحالة على اللجنة', '2025-11-27'),
(92, 1, 'إضافة مقترح جديد رقم 29: مشروع مغسلة جديدة بمنطقة أم', '2025-11-27'),
(93, 1, 'إضافة التقرير الرقابي للمقترح رقم 29: ت ر مغسلة جديدة بمنطقة أم الخشب - تغيير الحالة إلى الإحالة على اللجنة', '2025-11-27'),
(94, 1, 'إضافة مقترح جديد رقم 30: مشروع الآبار التعويضية للم?', '2025-11-27'),
(95, 1, 'إضافة التقرير الرقابي للمقترح رقم 30: ت ر مشروع الآبار التعويضية للمياه الصناعية - تغيير الحالة إلى الإحالة على اللجنة', '2025-11-27'),
(96, 1, 'إضافة مقترح جديد رقم 31: مشروع تركيز وحدة ترشيح ذات ?', '2025-11-27'),
(97, 1, 'إضافة التقرير الرقابي للمقترح رقم 31: ت ر وحدة ترشيح ذات ضغط - تغيير الحالة إلى الإحالة على اللجنة', '2025-11-27'),
(98, 1, 'إضافة مقترح جديد رقم 32: مشروع اقتناء اليات منجمية', '2025-11-27'),
(99, 1, 'إضافة التقرير الرقابي للمقترح رقم 32: ت ر مشروع اقتناء اليات منجمية - تغيير الحالة إلى الإحالة على اللجنة', '2025-11-27'),
(100, 1, 'إضافة مقترح جديد رقم 33: إنجاز دراسة مشروع توزر نفطة', '2025-11-27'),
(101, 1, 'إضافة التقرير الرقابي للمقترح رقم 33: ت ر مشروع توزر نفطة للفسفاط - تغيير الحالة إلى الإحالة على اللجنة', '2025-11-27'),
(102, 1, 'إضافة مقترح جديد رقم 34: مشروع وحدة الإنتاج الجديدة ', '2025-11-27'),
(103, 1, 'إضافة التقرير الرقابي للمقترح رقم 34: ت ر وحدة الإنتاج الجديدة بأم الخشب 2 - تغيير الحالة إلى الإحالة على اللجنة', '2025-11-27'),
(104, 1, 'إضافة مقترح جديد رقم 35: المشروع المندمج للنقل الهي?', '2025-11-27'),
(105, 1, 'إضافة التقرير الرقابي للمقترح رقم 35: ت ر للنقل الهيدروليكي للفسفـاط - تغيير الحالة إلى الإحالة على اللجنة', '2025-11-27'),
(106, 1, 'إضافة مقترح جديد رقم 36: مشروع تركيز محطة فوطوضوئية ', '2025-11-27'),
(107, 1, 'إضافة التقرير الرقابي للمقترح رقم 36: ت ر محطة فوطوضوئية لتوليد الكهرباء - تغيير الحالة إلى الإحالة على اللجنة', '2025-11-27'),
(108, 1, 'إضافة مقترح جديد رقم 37: حول مشروع تصميم و إنجاز وحد?', '2025-11-27'),
(109, 1, 'إضافة مقترح جديد رقم 38: مشروع اقتناء مقتصدات حراري?', '2025-11-27'),
(110, 1, 'إضافة التقرير الرقابي للمقترح رقم 38: ت ر اقتناء مقتصدات حرارية - تغيير الحالة إلى الإحالة على اللجنة', '2025-11-27'),
(111, 1, 'إضافة مقترح جديد رقم 39: مشروع تحويل وحدة الحامض الك', '2025-11-27'),
(112, 1, 'إضافة التقرير الرقابي للمقترح رقم 39: ت ر وحدة الحامض الكبريتي بمعمل المظيلة - تغيير الحالة إلى الإحالة على اللجنة', '2025-11-27'),
(113, 1, 'إضافة مقترح جديد رقم 40: مشروع إنجاز وحدة لصناعة الأ', '2025-11-27'),
(114, 1, 'إضافة التقرير الرقابي للمقترح رقم 40: ت ر وحدة لصناعة الأسمدة المُحبّبة - تغيير الحالة إلى الإحالة على اللجنة', '2025-11-27'),
(115, 1, 'إضافة مقترح جديد رقم 41: مشروع اقتناء مبرّدات الحام?', '2025-11-27'),
(116, 1, 'إضافة التقرير الرقابي للمقترح رقم 41: ت ر  اقتناء مبرّدات الحامض الكبريتي - تغيير الحالة إلى الإحالة على اللجنة', '2025-11-27'),
(117, 1, 'إضافة مقترح جديد رقم 42: مشروع اقتناء محرّكات كهربا?', '2025-11-27'),
(118, 1, 'إضافة مقترح جديد رقم 43: مشروع اقتناء قاطرة نقل عربا', '2025-11-27'),
(119, 1, 'إضافة مقترح جديد رقم 44: مشروع اقتناء وتركيب وتشغيل ', '2025-11-27'),
(120, 1, 'إضافة مقترح جديد رقم 45: مشروع الحدّ من انبعاث ثاني ?', '2025-11-27'),
(121, 1, 'إضافة مقترح جديد رقم 46: مشروع اقتناء عنفة بخارية كا', '2025-11-27'),
(122, 1, 'إضافة مقترح جديد رقم 47: مشروع اقتناء مرجلة مساعدة ل', '2025-11-27'),
(123, 1, 'إضافة مقترح جديد رقم 48: مشروع استبدال مفاعل الحامض ', '2025-11-27'),
(124, 1, 'إضافة مقترح جديد رقم 49: مشروع استكمال بناء مقرّ الإ', '2025-11-27'),
(125, 1, 'إضافة مقترح جديد رقم 50: مشروع إتمام إنجاز بناء المد', '2025-11-27'),
(126, 1, 'إضافة التقرير الرقابي للمقترح رقم 50: ت ر بناء المدرسة الوطنية للمهندسين ببنزرت - تغيير الحالة إلى الإحالة على اللجنة', '2025-11-27'),
(127, 1, 'إضافة مقترح جديد رقم 51: مشروع إستئناف إنجاز مشروع ا', '2025-11-27'),
(128, 1, 'إضافة التقرير الرقابي للمقترح رقم 51: ت ر مشروع المدينة الرقمية بالنحلى - تغيير الحالة إلى الإحالة على اللجنة', '2025-11-27'),
(129, 1, 'إضافة مقترح جديد رقم 52: مشروع إنجاز ميناء المياه ال', '2025-11-27'),
(130, 1, 'إضافة التقرير الرقابي للمقترح رقم 52: ت ر ميناء المياه العميقة ومنطقة الخدمات - تغيير الحالة إلى الإحالة على اللجنة', '2025-11-27'),
(131, 1, 'إضافة مقترح جديد رقم 53: مشروع إنجاز مركز حديث للصيا', '2025-11-27'),
(132, 1, 'إضافة مقترح جديد رقم 54: بخصوص طرق ابرام صفقات مشروع', '2025-11-27'),
(133, 1, 'إضافة التقرير الرقابي للمقترح رقم 54: ت ر طرق ابرام صفقات مشروع بناء المستشفى - تغيير الحالة إلى الإحالة على اللجنة', '2025-11-27'),
(134, 1, 'إضافة مقترح جديد رقم 55: بخصوص طرق ابرام صفقات مشروع', '2025-11-27'),
(135, 1, 'إضافة التقرير الرقابي للمقترح رقم 55: ت ر طرق ابرام صفقات مشروع دعم اسس و هياكل المبني الرئيسي - تغيير الحالة إلى الإحالة على اللجنة', '2025-11-27'),
(136, 1, 'إضافة مقترح جديد رقم 56: مشروع أشغال تهيئة توسعة الم', '2025-11-27'),
(137, 1, 'إضافة التقرير الرقابي للمقترح رقم 56: المنطقة الصناعية الكاف - تغيير الحالة إلى الإحالة على اللجنة', '2025-11-27'),
(138, 1, 'إضافة مقترح جديد رقم 57: مشروع تكملة التهيئة وأشغال ', '2025-11-27'),
(139, 1, 'إضافة التقرير الرقابي للمقترح رقم 57: ت ر  تكملة التهيئة وأشغال إنجاز محطة الضخ الكاف - تغيير الحالة إلى الإحالة على اللجنة', '2025-11-27'),
(140, 1, 'تسجيل الدخول', '2025-11-28'),
(141, 1, 'تسجيل الدخول', '2025-11-28'),
(142, 34, 'تسجيل الخروج', '2025-11-28'),
(143, 1, 'تسجيل الدخول', '2025-11-28'),
(144, 1, 'تسجيل الخروج', '2025-11-28'),
(145, 1, 'تسجيل الدخول', '2025-11-28'),
(146, 1, 'تسجيل الخروج', '2025-11-28'),
(147, 1, 'تسجيل الدخول', '2025-11-28'),
(148, 1, 'تسجيل الدخول', '2025-11-28'),
(149, 34, 'تسجيل الخروج', '2025-11-28'),
(150, 1, 'تسجيل الدخول', '2025-11-28'),
(151, 1, 'تسجيل الخروج', '2025-11-28'),
(152, 1, 'تسجيل الدخول', '2025-11-28'),
(153, 1, 'إضافة مقترح جديد رقم 58: 12', '2025-11-28'),
(154, 1, 'حذف المقترح رقم 58: 12', '2025-11-28'),
(155, 1, 'تسجيل الدخول', '2025-12-01'),
(156, 1, 'تسجيل الخروج', '2025-12-01'),
(157, 1, 'تسجيل الدخول', '2025-12-01'),
(158, 1, 'تسجيل الخروج', '2025-12-01'),
(159, 1, 'تسجيل الدخول', '2025-12-01'),
(160, 34, 'تسجيل الخروج', '2025-12-01'),
(161, 1, 'تسجيل الدخول', '2025-12-01'),
(162, 1, 'تعديل المقترح رقم 56', '2025-12-01'),
(163, 1, 'تعديل المقترح رقم 57', '2025-12-01'),
(164, 34, 'تسجيل الخروج', '2025-12-01'),
(165, 1, 'تسجيل الدخول', '2025-12-01'),
(166, 1, 'إضافة مقترح جديد رقم 59: مشروع تهيئة المنطقة الصناع?', '2025-12-01'),
(167, 1, 'إضافة التقرير الرقابي للمقترح رقم 59: ت ر لمنطقة الصناعية النفيضة - تغيير الحالة إلى الإحالة على اللجنة', '2025-12-01'),
(168, 1, 'إضافة مقترح جديد رقم 60: مشروع تهيئة المنطقة الصناع?', '2025-12-01'),
(169, 1, 'إضافة التقرير الرقابي للمقترح رقم 60: ت ر  المنطقة الصناعية أمّ العظام - تغيير الحالة إلى الإحالة على اللجنة', '2025-12-01'),
(170, 1, 'إضافة مقترح جديد رقم 61: مشروع تهيئة المنطقة الصناع?', '2025-12-01'),
(171, 1, 'إضافة التقرير الرقابي للمقترح رقم 61: ت ر هنشير بوتفاحة 2 - تغيير الحالة إلى الإحالة على اللجنة', '2025-12-01'),
(172, 1, 'إضافة مقترح جديد رقم 62: مشروع تهيئة المنطقة الصناع?', '2025-12-01'),
(173, 1, 'إضافة التقرير الرقابي للمقترح رقم 62: ت ر المنطقة الصناعية بدقة - تغيير الحالة إلى الإحالة على اللجنة', '2025-12-01'),
(174, 1, 'إضافة مقترح جديد رقم 63: مشروع تهيئة المنطقة الصناع?', '2025-12-01'),
(175, 1, 'إضافة التقرير الرقابي للمقترح رقم 63: ت ر الصناعية بسيدي عاشور - تغيير الحالة إلى الإحالة على اللجنة', '2025-12-01'),
(176, 1, 'إضافة مقترح جديد رقم 64: مشروع بناء المستشفي الجهوي ', '2025-12-01'),
(177, 1, 'تسجيل الخروج', '2025-12-01'),
(178, 1, 'تسجيل الدخول', '2025-12-01'),
(179, 1, 'تسجيل الدخول', '2025-12-01'),
(180, 1, 'تعديل المقترح رقم 59', '2025-12-01'),
(181, 1, 'إضافة التقرير الرقابي للمقترح رقم 59: ت ر المنطقة الصناعية النفيضة III - تغيير الحالة إلى الإحالة على اللجنة', '2025-12-01'),
(182, 1, 'تعديل المقترح رقم 60', '2025-12-01'),
(183, 1, 'تعديل المقترح رقم 61', '2025-12-01'),
(184, 1, 'تعديل المقترح رقم 62', '2025-12-01'),
(185, 1, 'تعديل المقترح رقم 63', '2025-12-01'),
(186, 1, 'تعديل المقترح رقم 64', '2025-12-01'),
(187, 1, 'تعديل المقترح رقم 57', '2025-12-01'),
(188, 1, 'حذف المقترح رقم 57: مشروع تكملة التهيئة وأشغال ', '2025-12-01'),
(189, 1, 'حذف المقترح رقم 56: مشروع أشغال تهيئة توسعة الم', '2025-12-01'),
(190, 1, 'حذف المقترح رقم 60: مشروع تهيئة المنطقة الصناع?', '2025-12-01'),
(191, 1, 'حذف المقترح رقم 61: مشروع تهيئة المنطقة الصناع?', '2025-12-01'),
(192, 1, 'حذف المقترح رقم 62: مشروع تهيئة المنطقة الصناع?', '2025-12-01'),
(193, 1, 'حذف المقترح رقم 63: مشروع تهيئة المنطقة الصناع?', '2025-12-01'),
(194, 1, 'حذف المقترح رقم 64: مشروع بناء المستشفي الجهوي ', '2025-12-01'),
(195, 1, 'إضافة مقترح جديد رقم 65: مشروع أشغال تهيئة توسعة الم', '2025-12-01'),
(196, 1, 'إضافة التقرير الرقابي للمقترح رقم 65: ت ر توسعة المنطقة الصناعية الكاف - تغيير الحالة إلى الإحالة على اللجنة', '2025-12-01'),
(197, 1, 'إضافة مقترح جديد رقم 66: مشروع تهيئة المنطقة الصناع?', '2025-12-01'),
(198, 1, 'إضافة التقرير الرقابي للمقترح رقم 66: ت ر المنطقة الصناعية أمّ العظام - تغيير الحالة إلى الإحالة على اللجنة', '2025-12-01'),
(199, 1, 'إضافة مقترح جديد رقم 67: مشروع تهيئة المنطقة الصناع?', '2025-12-01'),
(200, 1, 'إضافة التقرير الرقابي للمقترح رقم 67: ت ر هنشير بوتفاحة 2 - تغيير الحالة إلى الإحالة على اللجنة', '2025-12-01'),
(201, 1, 'إضافة مقترح جديد رقم 68: مشروع تهيئة المنطقة الصناع?', '2025-12-01'),
(202, 1, 'إضافة التقرير الرقابي للمقترح رقم 68: ت ر المنطقة الصناعية بدقة - تغيير الحالة إلى الإحالة على اللجنة', '2025-12-01'),
(203, 1, 'إضافة مقترح جديد رقم 69: مشروع تهيئة المنطقة الصناع?', '2025-12-01'),
(204, 1, 'إضافة التقرير الرقابي للمقترح رقم 69: ت ر المنطقة الصناعية بسيدي عاشور - تغيير الحالة إلى الإحالة على اللجنة', '2025-12-01'),
(205, 1, 'إضافة مقترح جديد رقم 70: مشروع تكملة التهيئة وأشغال ', '2025-12-01'),
(206, 1, 'إضافة التقرير الرقابي للمقترح رقم 70: ت ر محطة الضخ الكاف وادي الرمل - تغيير الحالة إلى الإحالة على اللجنة', '2025-12-01'),
(207, 1, 'إضافة مقترح جديد رقم 71: مشروع بناء المستشفي الجهوي ', '2025-12-01'),
(208, 1, 'تسجيل الدخول', '2025-12-02'),
(209, 1, 'حذف المقترح رقم 54: بخصوص طرق ابرام صفقات مشروع', '2025-12-02'),
(210, 1, 'حذف المقترح رقم 55: بخصوص طرق ابرام صفقات مشروع', '2025-12-02'),
(211, 1, 'تسجيل الدخول', '2025-12-03'),
(212, 1, 'تسجيل الدخول', '2025-12-03'),
(213, 1, 'تسجيل الدخول', '2025-12-04'),
(214, 1, 'تسجيل الخروج', '2025-12-04'),
(215, 1, 'تسجيل الدخول', '2025-12-04'),
(216, 1, 'تسجيل الخروج', '2025-12-04'),
(217, 1, 'تسجيل الدخول', '2025-12-04'),
(218, 1, 'تسجيل الخروج', '2025-12-04'),
(219, 1, 'تسجيل الدخول', '2025-12-04'),
(220, 1, 'تسجيل الدخول', '2025-12-05'),
(221, 1, 'تسجيل الدخول', '2025-12-05'),
(222, 1, 'تسجيل الخروج', '2025-12-05'),
(223, 1, 'تسجيل الدخول', '2025-12-05'),
(224, 1, 'تسجيل الدخول', '2025-12-05'),
(225, 1, 'تسجيل الدخول', '2025-12-05'),
(226, 1, 'تسجيل الدخول', '2025-12-05'),
(227, 1, 'إضافة جلسة رقم 1 بتاريخ 2025-01-15 - المشاريع المعروضة: 4 | 1. حول مشروع تهيئة الملعب الأولمبي بالمنزه. (إدراج نهائي) | 2. مشروع بناء المستشفى الجهوي ببئر على بن خليفة بصفاقس (إدراج نهائي) | 3. مشروع دعم اسس و هياكل المبني الرئيسي بالمستشفي الجامعي الهادي شاكر بصفاقس. (إدراج نهائي) | 4. مشروع منصة أسواق الإنتاج الوسط. (إدراج نهائي) | تم رفع محضر الجلسة', '2025-12-05'),
(228, 1, 'تسجيل الدخول', '2025-12-08'),
(229, 1, 'إضافة قرار اللجنة للجلسة رقم 2 - قرار اللجنة جلسة عدد 1', '2025-12-08'),
(230, 1, 'إضافة قرار اللجنة للجلسة رقم 3 - قرار اللجنة جلسة عدد 4', '2025-12-08'),
(231, 1, 'إضافة قرار اللجنة للجلسة رقم 4 - قرار اللجنة جلسة عدد 5', '2025-12-08'),
(232, 1, 'تسجيل الدخول', '2025-12-08'),
(233, 1, 'تسجيل الدخول', '2025-12-08'),
(234, 1, 'حذف الجلسة رقم 3', '2025-12-08'),
(235, 1, 'حذف الجلسة رقم 5', '2025-12-08'),
(236, 1, 'حذف الجلسة رقم 4', '2025-12-08'),
(237, 1, 'حذف الجلسة رقم 7', '2025-12-08'),
(238, 1, 'تسجيل الدخول', '2025-12-10'),
(239, 1, 'تسجيل الدخول', '2025-12-11'),
(240, 1, 'تسجيل الدخول', '2025-12-16'),
(241, 1, 'تسجيل الخروج', '2025-12-16'),
(242, 1, 'تسجيل الدخول', '2025-12-29'),
(243, 1, 'تسجيل الخروج', '2025-12-29'),
(244, 1, 'تسجيل الدخول', '2025-12-29'),
(245, 1, 'تسجيل الدخول', '2025-12-30'),
(246, 1, 'تسجيل الدخول', '2026-01-05'),
(247, 1, 'تعديل الجلسة رقم 13 بتاريخ 2025-02-27', '2026-01-05'),
(248, 1, 'تعديل الجلسة رقم 3 بتاريخ 2025-02-27', '2026-01-05'),
(249, 1, 'تسجيل الدخول', '2026-01-09'),
(250, 34, 'تسجيل الخروج', '2026-01-09'),
(251, 1, 'تسجيل الدخول', '2026-01-09'),
(252, 34, 'تسجيل الخروج', '2026-01-09'),
(253, 1, 'تسجيل الدخول', '2026-01-09'),
(254, 1, 'تسجيل الخروج', '2026-01-09'),
(255, 1, 'تسجيل الدخول', '2026-01-09'),
(256, 34, 'تسجيل الخروج', '2026-01-09'),
(257, 1, 'تسجيل الدخول', '2026-01-09'),
(258, 1, 'إضافة التقرير الرقابي للمقترح رقم 71: التقرير الرقابي مشروع مستشفى تالة. - تغيير الحالة إلى الإحالة على اللجنة', '2026-01-09'),
(259, 1, 'إضافة ملف (مراسلة) للمقترح رقم 12: مذكرة تفسيرية حول تقييم نتائج الإستشارة', '2026-01-09'),
(260, 1, 'تسجيل الدخول', '2026-01-12'),
(261, 1, 'حذف الجلسة رقم 7', '2026-01-12'),
(262, 1, 'حذف الجلسة رقم 6', '2026-01-12'),
(263, 1, 'حذف الجلسة رقم 5', '2026-01-12'),
(264, 1, 'حذف الجلسة رقم 4', '2026-01-12'),
(265, 1, 'حذف الجلسة رقم 3', '2026-01-12'),
(266, 1, 'حذف الجلسة رقم 1', '2026-01-12'),
(267, 1, 'إضافة قرار اللجنة للجلسة رقم 11 - قرار اللجنة جلسة عدد 1', '2026-01-12'),
(268, 1, 'إضافة قرار اللجنة للجلسة رقم 12 - قرار اللجنة جلسة عدد 3', '2026-01-12'),
(269, 1, 'إضافة قرار اللجنة للجلسة رقم 13 - قرار اللجنة جلسة عدد 4', '2026-01-12'),
(270, 1, 'إضافة قرار اللجنة للجلسة رقم 15 - قرار اللجنة جلسة عدد 6', '2026-01-12'),
(271, 1, 'تسجيل الدخول', '2026-01-14'),
(272, 1, 'تسجيل الخروج', '2026-01-14'),
(273, 1, 'تسجيل الدخول', '2026-01-14'),
(274, 1, 'تسجيل الدخول', '2026-01-15'),
(275, 1, 'إضافة ملف (مراسلة) للمقترح رقم 7: مراسلة وزارة التجارة متابعة إنجاز مشروع منصة أسواق الإنتاج بالوسط بتاريخ 15 جانفي 2026', '2026-01-15'),
(276, 1, 'تسجيل الدخول', '2026-01-16'),
(277, 1, 'تسجيل الدخول', '2026-01-16'),
(278, 1, 'تسجيل الدخول', '2026-01-16'),
(279, 1, 'إضافة ملف (مراسلة) للمقترح رقم 11: مذكرة للسيدة رئيسة الحكومة لادراج مشروع المستشفي الجهوي بنفطة ب بالجلسة عدد 7', '2026-01-16'),
(280, 1, 'تسجيل الخروج', '2026-01-16'),
(281, 1, 'تسجيل الدخول', '2026-01-16'),
(282, 1, 'تسجيل الخروج', '2026-01-16'),
(283, 1, 'تسجيل الدخول', '2026-01-16'),
(284, 1, 'إضافة ملف (مراسلة) للمقترح رقم 11: مذكرة للسيدة رئيسة الحكومة لادراج مشروع المستشفي الجهوي بنفطة بالجلسة عدد 7', '2026-01-16'),
(285, 34, 'تسجيل الخروج', '2026-01-16'),
(286, 1, 'تسجيل الدخول', '2026-01-16'),
(287, 1, 'تسجيل الدخول', '2026-01-19'),
(288, 1, 'تسجيل الدخول', '2026-01-19'),
(289, 1, 'تسجيل الدخول', '2026-01-21'),
(290, 1, 'تسجيل الدخول', '2026-01-21'),
(291, 1, 'إضافة صفقة رقم 1 للمشروع رقم 50 مع 1 صفقات', '2026-01-21'),
(292, 1, 'تسجيل الدخول', '2026-01-21'),
(293, 1, 'تسجيل الدخول', '2026-01-21'),
(294, 1, 'تسجيل الدخول', '2026-01-21'),
(295, 1, 'تسجيل الدخول', '2026-01-23'),
(296, 1, 'تسجيل الدخول', '2026-01-23'),
(297, 1, 'إضافة صفقة رقم 2 للمشروع رقم 10 مع 2 صفقات', '2026-01-23'),
(298, 1, 'تسجيل الدخول', '2026-01-23'),
(299, 1, 'إضافة صفقة رقم 3 للمشروع رقم 50 مع 1 صفقات', '2026-01-23'),
(300, 1, 'تسجيل الدخول', '2026-01-30'),
(301, 1, 'حذف الصفقة رقم 2', '2026-01-30'),
(302, 1, 'تعديل الصفقة رقم 3 مع 1 أقساط', '2026-01-30'),
(303, 1, 'تعديل الصفقة رقم 3 مع 5 أقساط', '2026-01-30'),
(304, 1, 'تسجيل الدخول', '2026-01-30'),
(305, 1, 'تسجيل الدخول', '2026-01-30'),
(306, 1, 'تعديل الجلسة رقم 7 بتاريخ 2025-12-02', '2026-01-30'),
(307, 1, 'إضافة ملف (مقترح إسناد) للمقترح رقم 12: مقترح إسناد مشروع الملعب الأولمبي بالمنزه', '2026-01-30'),
(308, 1, 'إضافة ملف (مقترح إسناد) للمقترح رقم 12: مقترح إسناد مشروع الملعب الأولمبي بالمنزه', '2026-01-30'),
(309, 1, 'تسجيل الخروج', '2026-01-30'),
(310, 1, 'تسجيل الدخول', '2026-01-30'),
(311, 1, 'تعديل المقترح رقم 20', '2026-01-30'),
(312, 1, 'إضافة ملف (14) للمقترح رقم 12: مقترح إسناد مشروع الملعب الأولمبي بالمنزه', '2026-01-30'),
(313, 1, 'تعديل المقترح رقم 21', '2026-01-30'),
(314, 1, 'تعديل الصفقة رقم 3 مع 5 أقساط', '2026-01-30'),
(315, 1, 'إضافة صفقة رقم 4 للمشروع رقم 50 مع 6 صفقات', '2026-01-30'),
(316, 1, 'حذف المقترح رقم 71: مشروع بناء المستشفي الجهوي ', '2026-01-30'),
(317, 1, 'إضافة مقترح جديد رقم 72: مشروع بناء المستشفي الجهوي ', '2026-01-30'),
(318, 1, 'تسجيل الدخول', '2026-02-02'),
(319, 1, 'حذف المقترح رقم 31: مشروع تركيز وحدة ترشيح ذات ?', '2026-02-02'),
(320, 1, 'حذف المقترح رقم 30: مشروع الآبار التعويضية للم?', '2026-02-02'),
(321, 1, 'حذف الصفقة رقم 3', '2026-02-02'),
(322, 1, 'حذف الصفقة رقم 4', '2026-02-02'),
(323, 1, 'حذف الجلسة رقم 8', '2026-02-02'),
(324, 1, 'حذف الجلسة رقم 7', '2026-02-02'),
(325, 1, 'حذف الجلسة رقم 6', '2026-02-02'),
(326, 1, 'حذف الجلسة رقم 5', '2026-02-02'),
(327, 1, 'حذف الجلسة رقم 4', '2026-02-02'),
(328, 1, 'حذف الجلسة رقم 2', '2026-02-02'),
(329, 1, 'حذف الجلسة رقم 1', '2026-02-02'),
(330, 1, 'حذف المقترح رقم 72: مشروع بناء المستشفي الجهوي ', '2026-02-02'),
(331, 1, 'حذف المقترح رقم 70: مشروع تكملة التهيئة وأشغال ', '2026-02-02'),
(332, 1, 'إضافة مقترح جديد رقم 73: مشروع اقتناء 30 عربة مترو لف?', '2026-02-02'),
(333, 1, 'إضافة التقرير الرقابي للمقترح رقم 73: التقرير الرقابي لمشروع اقتناء 30 عربة ميترو - تغيير الحالة إلى الإحالة على اللجنة', '2026-02-02'),
(334, 1, 'إضافة مقترح جديد رقم 74: مشروع منصة أسواق الوسط.', '2026-02-02'),
(335, 1, 'إضافة التقرير الرقابي للمقترح رقم 74: التقرير الرقابي لمنصة أسواق الوسط - تغيير الحالة إلى الإحالة على اللجنة', '2026-02-02'),
(336, 1, 'إضافة مقترح جديد رقم 75: مشروع بناء المستشفى الجهوي ', '2026-02-02'),
(337, 1, 'إضافة التقرير الرقابي للمقترح رقم 75: التقرير الرقابي مشروع المستشفي الجهوي بئر على بن خليفة - تغيير الحالة إلى الإحالة على اللجنة', '2026-02-02'),
(338, 1, 'إضافة مقترح جديد رقم 76: مشروع دعم اسس و هياكل المبن?', '2026-02-02'),
(339, 1, 'إضافة التقرير الرقابي للمقترح رقم 76: التقرير الرقابي المستشفي الجامعي الهادي شاكر بصفاقس - تغيير الحالة إلى الإحالة على اللجنة', '2026-02-02'),
(340, 1, 'تسجيل الخروج', '2026-02-02'),
(341, 1, 'تسجيل الدخول', '2026-02-02'),
(342, 1, 'إضافة مقترح جديد رقم 77: مشروع بناء المستشفى الجهوي ', '2026-02-02'),
(343, 1, 'إضافة التقرير الرقابي للمقترح رقم 77: التقرير الرقابي مستشفى سبيطلة - تغيير الحالة إلى الإحالة على اللجنة', '2026-02-02'),
(344, 1, 'إضافة مقترح جديد رقم 78: مشروع بناء المستشفى الجهوي ', '2026-02-02'),
(345, 1, 'إضافة التقرير الرقابي للمقترح رقم 78: التقرير الرقابي لمشروع مستشفي نفطة - تغيير الحالة إلى الإحالة على اللجنة', '2026-02-02'),
(346, 1, 'إضافة مقترح جديد رقم 79: مشروع تهيئة الملعب الأولمب?', '2026-02-02'),
(347, 1, 'إضافة التقرير الرقابي للمقترح رقم 79: التقرير الرقابي للملعب الأولمبي بالمنزه - تغيير الحالة إلى الإحالة على اللجنة', '2026-02-02'),
(348, 1, 'إضافة مقترح جديد رقم 80: مشروع بناء الموارد التكنول?', '2026-02-02'),
(349, 1, 'إضافة مقترح جديد رقم 81: مشروع مدينة الأغالبة الطبي?', '2026-02-02'),
(350, 1, 'إضافة التقرير الرقابي للمقترح رقم 81: التقرير الرقابي ممشروع مدينة الأغالبة - تغيير الحالة إلى الإحالة على اللجنة', '2026-02-02'),
(351, 1, 'إضافة التقرير الرقابي للمقترح رقم 80: التقرير الرقابي ناء الموارد التكنولوجية بالقطب التكنولوجي بسيدي ثابت - تغيير الحالة إلى الإحالة على اللجنة', '2026-02-02'),
(352, 1, 'إضافة مقترح جديد رقم 82: مشروع اقتناء أبراج امتصاص ا', '2026-02-02'),
(353, 1, 'إضافة التقرير الرقابي للمقترح رقم 82: التقرير الرقابي مشروع اقتناء أبراج امتصاص الحامض الكبريتي - تغيير الحالة إلى الإحالة على اللجنة', '2026-02-02'),
(354, 1, 'إضافة مقترح جديد رقم 83: مشروع اقتناء وحدة تحلية الم', '2026-02-02'),
(355, 1, 'إضافة التقرير الرقابي للمقترح رقم 83: التقرير الرقابي مقترح إدراج مشروع اقتناء وحدة تحلية المياه بالتناضح العكسي بمعمل المظيلة 1. - تغيير الحالة إلى الإحالة على اللجنة', '2026-02-02'),
(356, 1, 'إضافة مقترح جديد رقم 84: مشروع إنجاز وحدة تحلية المي', '2026-02-02'),
(357, 1, 'إضافة التقرير الرقابي للمقترح رقم 84: التقرير الرقابي مشروع إنجاز وحدة تحلية المياه بالتناضح العكسي بمعمل الحامض الفسفوري بقابس.pdf - تغيير الحالة إلى الإحالة على اللجنة', '2026-02-02'),
(358, 1, 'إضافة مقترح جديد رقم 85: مشروع اقتناء عنفتين بخاريت?', '2026-02-02'),
(359, 1, 'إضافة التقرير الرقابي للمقترح رقم 85: التقرير الرقابي مقترح ادراج مشروع اقتناء عنفتين بخاريتيْن كاملتيْن لوحدتيْ الحامض الكبريتي لمعمل الصخيرة. - تغيير الحالة إلى الإحالة على اللجنة', '2026-02-02'),
(360, 1, 'إضافة مقترح جديد رقم 86: مشروع اقتناء مرشّحيْن للحا?', '2026-02-02'),
(361, 1, 'إضافة التقرير الرقابي للمقترح رقم 86: التقرير الرقابي مشروع اقتناء مرشّحيْن للحامض الفسفوري بمعمل الصخيرة.pdf - تغيير الحالة إلى الإحالة على اللجنة', '2026-02-02'),
(362, 1, 'إضافة مقترح جديد رقم 87: مشروع تحويل وحدة الحامض الك', '2026-02-02'),
(363, 1, 'إضافة التقرير الرقابي للمقترح رقم 87: التقرير الرقابي  تحويل وحدة الحامض الكبريتي بمعمل الحامض الفسفوري بقابس - تغيير الحالة إلى الإحالة على اللجنة', '2026-02-02'),
(364, 1, 'إضافة مقترح جديد رقم 88: مشروع تحويل وحدات الحامض ال', '2026-02-02'),
(365, 1, 'إضافة التقرير الرقابي للمقترح رقم 88: التقرير الرقابي وحدات الحامض الكبريتي بمعمل الصخيرة - تغيير الحالة إلى الإحالة على اللجنة', '2026-02-02'),
(366, 1, 'إضافة مقترح جديد رقم 89: مشروع تهيئة مصب لتكديس الفس', '2026-02-02'),
(367, 1, 'إضافة التقرير الرقابي للمقترح رقم 89: التقرير الرقابي مصب لتكديس الفسفوجيبس بالطريقة المبلّلة بمعمل الصخيرة - تغيير الحالة إلى الإحالة على اللجنة', '2026-02-02'),
(368, 1, 'إضافة مقترح جديد رقم 90: مشروع طرق تخزين و نقل الفسف?', '2026-02-02'),
(369, 1, 'إضافة التقرير الرقابي للمقترح رقم 90: التقرير الرقابي طرق تخزين و نقل الفسفوجيبس من معامل المجمع الكيميائي التونسي بقفصة - تغيير الحالة إلى الإحالة على اللجنة', '2026-02-02'),
(370, 1, 'إضافة مقترح جديد رقم 91: مشروع إنجاز وحدة لصناعة الأ', '2026-02-02'),
(371, 1, 'إضافة التقرير الرقابي للمقترح رقم 91: التقرير الرقابي وحدة لصناعة الأسمدة المُحبّبة « SSP MCP » بالصخيرة - تغيير الحالة إلى الإحالة على اللجنة', '2026-02-02'),
(372, 1, 'إضافة ملف (14) للمقترح رقم 73: مقترح إسناد صفقة اقتناء 30 عربة ميترو', '2026-02-02');

-- --------------------------------------------------------

--
-- Structure de la table `lot`
--

CREATE TABLE `lot` (
  `lidLot` int(11) NOT NULL,
  `sujetLot` varchar(300) NOT NULL,
  `idFournisseur` int(11) NOT NULL,
  `somme` float NOT NULL,
  `idAppelOffre` int(11) NOT NULL
) ENGINE=InnoDB DEFAULT CHARSET=utf8;

-- --------------------------------------------------------

--
-- Structure de la table `ministere`
--

CREATE TABLE `ministere` (
  `idMinistere` int(11) NOT NULL,
  `libMinistere` varchar(300) NOT NULL,
  `adresseMinistere` varchar(300) NOT NULL,
  `idGov` int(11) NOT NULL
) ENGINE=InnoDB DEFAULT CHARSET=utf8;

--
-- Déchargement des données de la table `ministere`
--

INSERT INTO `ministere` (`idMinistere`, `libMinistere`, `adresseMinistere`, `idGov`) VALUES
(1, 'رئاسة الحكـــومة', 'ساحة الحكومة – القصبة 1020 تونس\r\n\r\n\r\n\r\n', 5),
(2, 'وزارة العدل', '31 شارع باب بنات، القصبة 1006 تونس', 5),
(3, 'وزارة الدفاع الوطني', 'باب منارة - القصبة\r\n1008 تونس', 5),
(4, 'وزارة الداخلية', 'شارع الحبيب بورقيبة\r\n1000 تونس', 5),
(5, 'وزارة الشؤون الخارجية والهجرة والتونسيين بالخارج', 'شارع جامعة الدول العربية شمال الهلتون\r\n1030 تونس', 5),
(6, 'وزارة المالية', 'ساحة الحكومة بالقصبة\r\nتونس', 5),
(7, 'وزارة الصحة', 'باب سعدون\r\n1006 تونس', 5),
(8, 'وزارة الاقتصاد والتخطيط', 'شارع الشيخ محمد الفاضل بن عاشور مبنى «B4»، البرج \"أ\" المركز العمراني الشمالي\r\n1082 تونس', 5),
(9, 'وزارة الصناعة والمناجم والطاقة', 'عمارة \"بية\" عدد 40، نهج 8011 – مونبليزير\r\n1002 تونس', 5),
(10, 'وزارة الشؤون الاجتماعية', 'شارع باب بنات عدد 27\r\n1019 تونس', 5),
(11, 'وزارة التجارة وتنمية الصادرات', 'زاوية نهج غانا ونهج بيار دي كوبرتن ونهج الهادي نويرة\r\n1001 تونس', 5),
(12, 'وزارة الفلاحة والموارد المائية والصيد البحري', '30 نهج آلان سفاري\r\n1002 تونس', 5),
(13, 'وزارة التربية', 'شارع باب البنات\r\n1030 تونس', 5),
(14, 'وزارة التعليم العالي والبحث العلمي', 'شارع أولاد حفوز\r\n1030 تونس', 5),
(15, 'وزارة الشباب والرياضة', 'شارع محمد علي عقيد\r\n1003 تونس', 5),
(16, 'وزارة تكنولوجيات الإتصال', '88 شارع محمد الخامس\r\n1002 تونس', 5),
(17, 'وزارة النقل', '13 نهج البرجين، منبليزير\r\n1073 تونس', 5),
(18, 'وزارة التجهيز والإسكان', 'شارع الحبيب شريطة -حي الحدائق- البلفدير\r\n1002 تونس', 5),
(19, 'وزارة أملاك الدّولة والشؤون العقارية', 'شارع محمد الخامس قبالة البنك المركزي\r\n1000 تونس', 5),
(20, 'وزارة ﺍﻟﺒﻴﺌﺔ', 'شارع الأرض، المركز العمراني الشمالي\r\n1080 تونس', 5),
(21, 'وزارة السياحة', '1 شارع محمد الخامس\r\n1001 تونس', 5),
(22, 'وزارة الشؤون الدينية', '76 مكرّر، شارع باب البنات، القصبة\r\n1019 تونس', 5),
(23, 'وزارة الأسرة والمرأة والطفولة وكبار السن', '02 نهج عاصمة الجزائر\r\n1001 تونس', 5),
(24, 'وزارة الشؤون الثقافية', 'نهج 2 مارس 1934 القصبة،\r\n1002 تونس', 5),
(25, 'وزارة التشغيل والتكوين المهني', '10 شارع أولاد حفوز\r\n1002 تونس', 5);

-- --------------------------------------------------------

--
-- Structure de la table `projet`
--

CREATE TABLE `projet` (
  `idPro` int(11) NOT NULL,
  `idMinistere` int(11) NOT NULL,
  `idEtab` int(11) NOT NULL,
  `sujet` varchar(400) NOT NULL,
  `dateArrive` date NOT NULL,
  `procedurePro` varchar(30) NOT NULL,
  `cout` float NOT NULL,
  `id_Gov` int(11) NOT NULL,
  `proposition` varchar(400) NOT NULL,
  `idUser` int(11) NOT NULL,
  `etat` int(11) NOT NULL,
  `dateCreation` datetime NOT NULL
) ENGINE=InnoDB DEFAULT CHARSET=utf8;

--
-- Déchargement des données de la table `projet`
--

INSERT INTO `projet` (`idPro`, `idMinistere`, `idEtab`, `sujet`, `dateArrive`, `procedurePro`, `cout`, `id_Gov`, `proposition`, `idUser`, `etat`, `dateCreation`) VALUES
(73, 17, 15, 'مشروع اقتناء 30 عربة مترو لفائدة شركة النقل بتونس.', '2025-02-14', 'جديد', 450, 5, 'ادراج المشروع ضمن المشاريع العمومية الكبري ذات الطابع الإستراتيجي.', 2, 1, '2026-02-02 10:33:51'),
(74, 11, 33, 'مشروع منصة أسواق الوسط.', '2025-01-02', 'جديد', 116, 18, 'ادراج المشروع ضمن المشاريع العمومية الكبري ذات الطابع الإستراتيجي.', 2, 1, '2026-02-02 11:01:45'),
(75, 7, 34, 'مشروع بناء المستشفى الجهوي ببئر على بن خليفة بصفاقس.', '2024-12-13', 'جديد', 11, 19, 'ادراج المشروع ضمن المشاريع العمومية الكبري ذات الطابع الإستراتيجي.', 2, 1, '2026-02-02 11:10:03'),
(76, 7, 34, 'مشروع دعم اسس و هياكل المبني الرئيسي بالمستشفي الجامعي الهادي شاكر بصفاقس.', '2024-11-18', 'جديد', 10, 19, 'ادراج المشروع ضمن المشاريع العمومية الكبري ذات الطابع الإستراتيجي.', 2, 1, '2026-02-02 11:15:23'),
(77, 7, 34, 'مشروع بناء المستشفى الجهوي صنف ب بسبيطلة من ولاية القصرين.', '2025-03-12', 'جديد', 1.8, 19, 'ادراج المشروع ضمن المشاريع العمومية الكبري ذات الطابع الإستراتيجي.', 2, 1, '2026-02-02 14:53:19'),
(78, 7, 34, 'مشروع بناء المستشفى الجهوي صنف ب نفطة من ولاية توزر.', '2025-03-05', 'جديد', 5.99, 17, 'ادراج المشروع ضمن المشاريع العمومية الكبري ذات الطابع الإستراتيجي.', 2, 1, '2026-02-02 14:59:32'),
(79, 15, 35, 'مشروع تهيئة الملعب الأولمبي بالمنزه.', '2025-01-07', 'بصدد الإنجاز', 10, 5, 'ادراج المشروع ضمن المشاريع العمومية الكبري ذات الطابع الإستراتيجي.', 3, 1, '2026-02-02 15:05:47'),
(80, 14, 46, 'مشروع بناء الموارد التكنولوجية بالقطب التكنولوجي بسيدي ثابت.', '2025-02-25', 'جديد', 89.43, 6, 'ادراج المشروع ضمن المشاريع العمومية الكبري ذات الطابع الإستراتيجي.', 3, 1, '2026-02-02 15:10:01'),
(81, 7, 34, 'مشروع مدينة الأغالبة الطبية بالقيروان.', '2025-05-02', 'جديد', 6885, 14, 'ادراج المشروع ضمن المشاريع العمومية الكبري ذات الطابع الإستراتيجي.', 3, 1, '2026-02-02 15:13:25'),
(82, 9, 58, 'مشروع اقتناء أبراج امتصاص الحامض الكبريتي لمعامل المجمع الكيميائي التونسي.', '2025-04-25', 'جديد', 30, 22, 'ادراج المشروع ضمن المشاريع العمومية الكبري ذات الطابع الإستراتيجي.', 3, 1, '2026-02-02 15:18:42'),
(83, 9, 58, 'مشروع اقتناء وحدة تحلية المياه بالتناضح العكسي بمعمل المظيلة 1 بطاقة إنتاج 2 × 40 متر مكعّب/ساعة.', '2025-07-25', 'جديد', 27, 20, 'ادراج المشروع ضمن المشاريع العمومية الكبري ذات الطابع الإستراتيجي.', 3, 1, '2026-02-02 15:22:50'),
(84, 9, 58, 'مشروع إنجاز وحدة تحلية المياه بالتناضح العكسي بمعمل الحامض الفسفوري بقابس بطاقة إنتاج 2 × 43 متر مكعّب/ساعة.', '2025-04-25', 'جديد', 30, 22, 'ادراج المشروع ضمن المشاريع العمومية الكبري ذات الطابع الإستراتيجي.', 3, 1, '2026-02-02 15:32:28'),
(85, 9, 58, 'مشروع اقتناء عنفتين بخاريتيْن كاملتيْن لوحدتيْ الحامض الكبريتي لمعمل الصخيرة.', '2025-04-25', 'جديد', 55, 19, 'ادراج المشروع ضمن المشاريع العمومية الكبري ذات الطابع الإستراتيجي.', 3, 1, '2026-02-02 15:38:44'),
(86, 9, 58, 'مشروع اقتناء مرشّحيْن للحامض الفسفوري بمعمل الصخيرة.', '2025-04-25', 'جديد', 24, 19, 'ادراج المشروع ضمن المشاريع العمومية الكبري ذات الطابع الإستراتيجي.', 3, 1, '2026-02-02 15:48:54'),
(87, 9, 58, 'مشروع تحويل وحدة الحامض الكبريتي بمعمل الحامض الفسفوري بقابس من الامتصاص الآحادي إلى الامتصاص المضاعف مع نظام استرجاع الحرارة HRS.', '2025-04-25', 'جديد', 154, 22, 'ادراج المشروع ضمن المشاريع العمومية الكبري ذات الطابع الإستراتيجي.', 2, 1, '2026-02-02 15:52:27'),
(88, 9, 58, 'مشروع تحويل وحدات الحامض الكبريتي بمعمل الصخيرة من الإمتصاص الآحادي إلى الإمتصاص المُضاعف مع نظام إسترجاع الحرارة HRS.', '2025-04-25', 'جديد', 210, 19, 'ادراج المشروع ضمن المشاريع العمومية الكبري ذات الطابع الإستراتيجي.', 3, 1, '2026-02-02 16:02:21'),
(89, 9, 58, 'مشروع تهيئة مصب لتكديس الفسفوجيبس بالطريقة المبلّلة بمعمل الصخيرة.', '2025-04-25', 'جديد', 145, 19, 'ادراج المشروع ضمن المشاريع العمومية الكبري ذات الطابع الإستراتيجي.', 3, 1, '2026-02-02 16:06:45'),
(90, 9, 58, 'مشروع طرق تخزين و نقل الفسفوجيبس من معامل المجمع الكيميائي التونسي بقفصة.', '2026-02-02', 'جديد', 145, 20, 'ادراج المشروع ضمن المشاريع العمومية الكبري ذات الطابع الإستراتيجي.', 3, 1, '2026-02-02 16:14:33'),
(91, 9, 58, 'مشروع إنجاز وحدة لصناعة الأسمدة المُحبّبة « SSP MCP » بالصخيرة.', '2025-04-25', 'جديد', 45, 19, 'ادراج المشروع ضمن المشاريع العمومية الكبري ذات الطابع الإستراتيجي.', 3, 1, '2026-02-02 16:17:04');

-- --------------------------------------------------------

--
-- Structure de la table `projetcommission`
--

CREATE TABLE `projetcommission` (
  `idPc` int(11) NOT NULL,
  `idPro` int(11) NOT NULL,
  `idCom` int(11) NOT NULL,
  `naturePc` int(1) NOT NULL
) ENGINE=InnoDB DEFAULT CHARSET=utf8;

-- --------------------------------------------------------

--
-- Structure de la table `secteur`
--

CREATE TABLE `secteur` (
  `idSecteur` int(11) NOT NULL,
  `numSecteur` int(11) NOT NULL
) ENGINE=InnoDB DEFAULT CHARSET=utf8;

--
-- Déchargement des données de la table `secteur`
--

INSERT INTO `secteur` (`idSecteur`, `numSecteur`) VALUES
(1, 1),
(2, 2),
(3, 3),
(4, 4),
(5, 5);

-- --------------------------------------------------------

--
-- Structure de la table `suivi`
--

CREATE TABLE `suivi` (
  `idSuivi` int(11) NOT NULL,
  `idPro` int(11) NOT NULL,
  `sujet` varchar(300) NOT NULL,
  `dateCreation` int(11) NOT NULL
) ENGINE=InnoDB DEFAULT CHARSET=utf8;

-- --------------------------------------------------------

--
-- Structure de la table `user`
--

CREATE TABLE `user` (
  `idUser` int(11) NOT NULL,
  `nomUser` varchar(200) NOT NULL,
  `emailUser` varchar(300) NOT NULL,
  `typeCpt` int(1) NOT NULL,
  `login` varchar(20) NOT NULL,
  `pw` varchar(255) NOT NULL
) ENGINE=InnoDB DEFAULT CHARSET=utf8;

--
-- Déchargement des données de la table `user`
--

INSERT INTO `user` (`idUser`, `nomUser`, `emailUser`, `typeCpt`, `login`, `pw`) VALUES
(1, 'نضال الطرهوني', 'nidtar123@gmail.com', 1, 't.nidhal', '$2y$12$w47adqQpQIPgDZyZ41Dq4.bTBvXFi151ZXyZx9iPa7H9w1qoO2NDq'),
(2, 'إنصاف زمزم', 'insaf.zemzem2017@gmail.com', 2, 'admin', '$2y$12$HARA4nVt2ZHqv4SYTf1G0.bz1e5psG8yqSPH3mKeoQfacV2G/LUWO'),
(3, 'سفيان الخياري', 'sofian.khiari@pm.gov.tn', 2, 's.khiari', '$2y$12$LQv3c1yqjLVMwdfbqQXH/ubhBJ8K9bZQq8WJZ7.5qNLHh5sJxWpDC$2y$12$PkyoPQSAQ/ssivQVcABShOTr1oFPrpbLGR.gxKNZO4WLjSOdaik.S'),
(4, 'منى بن حسن', 'mouna.benhassen@pm.gov.tn', 2, 'm.benhassen', '$2y$12$dOJD2UpzQpvqgkcLsVJzTu7cIojj.7QB8zWSXgCnwUtM0jBGQ/2lq');

--
-- Index pour les tables déchargées
--

--
-- Index pour la table `appeloffre`
--
ALTER TABLE `appeloffre`
  ADD PRIMARY KEY (`idApp`),
  ADD KEY `idPro` (`idPro`);

--
-- Index pour la table `commission`
--
ALTER TABLE `commission`
  ADD PRIMARY KEY (`idCom`);

--
-- Index pour la table `document`
--
ALTER TABLE `document`
  ADD PRIMARY KEY (`idDoc`),
  ADD KEY `idx_document_idPro` (`idPro`);

--
-- Index pour la table `etablissement`
--
ALTER TABLE `etablissement`
  ADD PRIMARY KEY (`idEtablissement`),
  ADD KEY `idMinistere` (`idMinistere`),
  ADD KEY `idGouvernement` (`idGouvernement`);

--
-- Index pour la table `fournisseur`
--
ALTER TABLE `fournisseur`
  ADD PRIMARY KEY (`idFour`);

--
-- Index pour la table `gouvernorat`
--
ALTER TABLE `gouvernorat`
  ADD PRIMARY KEY (`idGov`),
  ADD KEY `idSecteur` (`idSecteur`);

--
-- Index pour la table `journal`
--
ALTER TABLE `journal`
  ADD PRIMARY KEY (`idJournal`);

--
-- Index pour la table `lot`
--
ALTER TABLE `lot`
  ADD PRIMARY KEY (`lidLot`),
  ADD KEY `idFournisseur` (`idFournisseur`),
  ADD KEY `idAppelOffre` (`idAppelOffre`);

--
-- Index pour la table `ministere`
--
ALTER TABLE `ministere`
  ADD PRIMARY KEY (`idMinistere`),
  ADD KEY `idGov` (`idGov`);

--
-- Index pour la table `projet`
--
ALTER TABLE `projet`
  ADD PRIMARY KEY (`idPro`),
  ADD KEY `idEtab` (`idEtab`),
  ADD KEY `idMinistere` (`idMinistere`),
  ADD KEY `idUser` (`idUser`),
  ADD KEY `id_Gov` (`id_Gov`);

--
-- Index pour la table `projetcommission`
--
ALTER TABLE `projetcommission`
  ADD PRIMARY KEY (`idPc`),
  ADD KEY `idCom` (`idCom`),
  ADD KEY `idPro` (`idPro`);

--
-- Index pour la table `secteur`
--
ALTER TABLE `secteur`
  ADD PRIMARY KEY (`idSecteur`);

--
-- Index pour la table `suivi`
--
ALTER TABLE `suivi`
  ADD PRIMARY KEY (`idSuivi`);

--
-- Index pour la table `user`
--
ALTER TABLE `user`
  ADD PRIMARY KEY (`idUser`);

--
-- AUTO_INCREMENT pour les tables déchargées
--

--
-- AUTO_INCREMENT pour la table `appeloffre`
--
ALTER TABLE `appeloffre`
  MODIFY `idApp` int(11) NOT NULL AUTO_INCREMENT, AUTO_INCREMENT=5;

--
-- AUTO_INCREMENT pour la table `commission`
--
ALTER TABLE `commission`
  MODIFY `idCom` int(11) NOT NULL AUTO_INCREMENT, AUTO_INCREMENT=18;

--
-- AUTO_INCREMENT pour la table `document`
--
ALTER TABLE `document`
  MODIFY `idDoc` int(11) NOT NULL AUTO_INCREMENT, AUTO_INCREMENT=204;

--
-- AUTO_INCREMENT pour la table `etablissement`
--
ALTER TABLE `etablissement`
  MODIFY `idEtablissement` int(11) NOT NULL AUTO_INCREMENT, AUTO_INCREMENT=61;

--
-- AUTO_INCREMENT pour la table `fournisseur`
--
ALTER TABLE `fournisseur`
  MODIFY `idFour` int(11) NOT NULL AUTO_INCREMENT, AUTO_INCREMENT=9;

--
-- AUTO_INCREMENT pour la table `gouvernorat`
--
ALTER TABLE `gouvernorat`
  MODIFY `idGov` int(11) NOT NULL AUTO_INCREMENT, AUTO_INCREMENT=25;

--
-- AUTO_INCREMENT pour la table `journal`
--
ALTER TABLE `journal`
  MODIFY `idJournal` int(11) NOT NULL AUTO_INCREMENT, AUTO_INCREMENT=373;

--
-- AUTO_INCREMENT pour la table `lot`
--
ALTER TABLE `lot`
  MODIFY `lidLot` int(11) NOT NULL AUTO_INCREMENT, AUTO_INCREMENT=22;

--
-- AUTO_INCREMENT pour la table `ministere`
--
ALTER TABLE `ministere`
  MODIFY `idMinistere` int(11) NOT NULL AUTO_INCREMENT, AUTO_INCREMENT=26;

--
-- AUTO_INCREMENT pour la table `projet`
--
ALTER TABLE `projet`
  MODIFY `idPro` int(11) NOT NULL AUTO_INCREMENT, AUTO_INCREMENT=92;

--
-- AUTO_INCREMENT pour la table `projetcommission`
--
ALTER TABLE `projetcommission`
  MODIFY `idPc` int(11) NOT NULL AUTO_INCREMENT, AUTO_INCREMENT=51;

--
-- AUTO_INCREMENT pour la table `secteur`
--
ALTER TABLE `secteur`
  MODIFY `idSecteur` int(11) NOT NULL AUTO_INCREMENT, AUTO_INCREMENT=9;

--
-- AUTO_INCREMENT pour la table `suivi`
--
ALTER TABLE `suivi`
  MODIFY `idSuivi` int(11) NOT NULL AUTO_INCREMENT;

--
-- AUTO_INCREMENT pour la table `user`
--
ALTER TABLE `user`
  MODIFY `idUser` int(11) NOT NULL AUTO_INCREMENT, AUTO_INCREMENT=12;

--
-- Contraintes pour les tables déchargées
--

--
-- Contraintes pour la table `appeloffre`
--
ALTER TABLE `appeloffre`
  ADD CONSTRAINT `appeloffre_ibfk_1` FOREIGN KEY (`idPro`) REFERENCES `projet` (`idPro`);

--
-- Contraintes pour la table `document`
--
ALTER TABLE `document`
  ADD CONSTRAINT `document_ibfk_1` FOREIGN KEY (`idPro`) REFERENCES `projet` (`idPro`) ON DELETE CASCADE;

--
-- Contraintes pour la table `etablissement`
--
ALTER TABLE `etablissement`
  ADD CONSTRAINT `etablissement_ibfk_1` FOREIGN KEY (`idMinistere`) REFERENCES `ministere` (`idMinistere`),
  ADD CONSTRAINT `etablissement_ibfk_2` FOREIGN KEY (`idGouvernement`) REFERENCES `gouvernorat` (`idGov`);

--
-- Contraintes pour la table `gouvernorat`
--
ALTER TABLE `gouvernorat`
  ADD CONSTRAINT `gouvernorat_ibfk_1` FOREIGN KEY (`idSecteur`) REFERENCES `secteur` (`idSecteur`);

--
-- Contraintes pour la table `lot`
--
ALTER TABLE `lot`
  ADD CONSTRAINT `lot_ibfk_1` FOREIGN KEY (`idFournisseur`) REFERENCES `fournisseur` (`idFour`),
  ADD CONSTRAINT `lot_ibfk_2` FOREIGN KEY (`idAppelOffre`) REFERENCES `appeloffre` (`idApp`);

--
-- Contraintes pour la table `ministere`
--
ALTER TABLE `ministere`
  ADD CONSTRAINT `ministere_ibfk_1` FOREIGN KEY (`idGov`) REFERENCES `gouvernorat` (`idGov`);

--
-- Contraintes pour la table `projet`
--
ALTER TABLE `projet`
  ADD CONSTRAINT `projet_ibfk_1` FOREIGN KEY (`idEtab`) REFERENCES `etablissement` (`idEtablissement`),
  ADD CONSTRAINT `projet_ibfk_2` FOREIGN KEY (`idMinistere`) REFERENCES `ministere` (`idMinistere`),
  ADD CONSTRAINT `projet_ibfk_3` FOREIGN KEY (`idUser`) REFERENCES `user` (`idUser`),
  ADD CONSTRAINT `projet_ibfk_4` FOREIGN KEY (`id_Gov`) REFERENCES `gouvernorat` (`idGov`);

--
-- Contraintes pour la table `projetcommission`
--
ALTER TABLE `projetcommission`
  ADD CONSTRAINT `projetcommission_ibfk_1` FOREIGN KEY (`idCom`) REFERENCES `commission` (`idCom`),
  ADD CONSTRAINT `projetcommission_ibfk_2` FOREIGN KEY (`idPro`) REFERENCES `projet` (`idPro`);
COMMIT;

/*!40101 SET CHARACTER_SET_CLIENT=@OLD_CHARACTER_SET_CLIENT */;
/*!40101 SET CHARACTER_SET_RESULTS=@OLD_CHARACTER_SET_RESULTS */;
/*!40101 SET COLLATION_CONNECTION=@OLD_COLLATION_CONNECTION */;
