-- phpMyAdmin SQL Dump
-- version 5.1.1
-- https://www.phpmyadmin.net/
--
-- Hôte : 127.0.0.1
-- Généré le : lun. 09 mars 2026 à 10:14
-- Version du serveur : 10.4.21-MariaDB
-- Version de PHP : 7.3.31

SET SQL_MODE = "NO_AUTO_VALUE_ON_ZERO";
START TRANSACTION;
SET time_zone = "+00:00";


/*!40101 SET @OLD_CHARACTER_SET_CLIENT=@@CHARACTER_SET_CLIENT */;
/*!40101 SET @OLD_CHARACTER_SET_RESULTS=@@CHARACTER_SET_RESULTS */;
/*!40101 SET @OLD_COLLATION_CONNECTION=@@COLLATION_CONNECTION */;
/*!40101 SET NAMES utf8mb4 */;

--
-- Base de données : `grandprojet`
--

-- --------------------------------------------------------

--
-- Structure de la table `appeloffre`
--

CREATE TABLE `appeloffre` (
  `idApp` int(11) NOT NULL,
  `idPro` int(11) NOT NULL,
  `dateCreation` date NOT NULL
) ENGINE=InnoDB DEFAULT CHARSET=utf8;

--
-- Déchargement des données de la table `appeloffre`
--

INSERT INTO `appeloffre` (`idApp`, `idPro`, `dateCreation`) VALUES
(5, 77, '2026-02-10'),
(6, 117, '2026-02-13'),
(7, 78, '2026-02-23'),
(8, 79, '2026-02-26'),
(9, 118, '2026-02-26'),
(10, 73, '2026-03-06');

-- --------------------------------------------------------

--
-- Structure de la table `commission`
--

CREATE TABLE `commission` (
  `idCom` int(11) NOT NULL,
  `numCommission` int(10) NOT NULL,
  `dateCommission` date NOT NULL
) ENGINE=InnoDB DEFAULT CHARSET=utf8;

--
-- Déchargement des données de la table `commission`
--

INSERT INTO `commission` (`idCom`, `numCommission`, `dateCommission`) VALUES
(18, 1, '2025-01-15'),
(19, 2, '2025-02-26'),
(20, 3, '2025-02-27'),
(21, 4, '2025-04-15'),
(22, 5, '2025-06-24'),
(23, 6, '2025-11-18'),
(28, 7, '2026-01-28'),
(29, 8, '2026-02-03'),
(31, 9, '2026-03-03');

-- --------------------------------------------------------

--
-- Structure de la table `document`
--

CREATE TABLE `document` (
  `idDoc` int(11) NOT NULL,
  `idPro` int(11) DEFAULT NULL,
  `libDoc` varchar(200) NOT NULL,
  `cheminAcces` varchar(400) NOT NULL,
  `type` int(11) NOT NULL,
  `idExterne` int(11) NOT NULL
) ENGINE=InnoDB DEFAULT CHARSET=utf8;

--
-- Déchargement des données de la table `document`
--

INSERT INTO `document` (`idDoc`, `idPro`, `libDoc`, `cheminAcces`, `type`, `idExterne`) VALUES
(165, 73, 'مقترح المشروع لمشروع اقتناء 30 عربة ميترو', '../uploads/documents/doc_73_1770024831.pdf', 1, 73),
(166, 73, 'التقرير الرقابي لمشروع اقتناء 30 عربة ميترو', '../uploads/documents/taqrir_73_1770024934.pdf', 11, 73),
(167, 74, 'مقترح إدراج مشروع منصة أسواق الوسط', '../uploads/documents/doc_74_1770026505.pdf', 1, 74),
(168, 74, 'التقرير الرقابي لمنصة أسواق الوسط', '../uploads/documents/taqrir_74_1770026586.pdf', 11, 74),
(169, 75, 'مقترح إدراج مشروع المستشفي الجهوي بئر على بن خليفة', '../uploads/documents/doc_75_1770027003.pdf', 1, 75),
(170, 75, 'التقرير الرقابي مشروع المستشفي الجهوي بئر على بن خليفة', '../uploads/documents/taqrir_75_1770027022.pdf', 11, 75),
(171, 76, 'مقترح إدراج المستشفي الجامعي الهادي شاكر بصفاقس', '../uploads/documents/doc_76_1770027323.pdf', 1, 76),
(172, 76, 'التقرير الرقابي المستشفي الجامعي الهادي شاكر بصفاقس', '../uploads/documents/taqrir_76_1770027345.pdf', 11, 76),
(173, 77, 'مقترح ادراج مستشفى سبيطلة', '../uploads/documents/doc_77_1770040399.pdf', 1, 77),
(174, 77, 'التقرير الرقابي مستشفى سبيطلة', '../uploads/documents/taqrir_77_1770040419.pdf', 11, 77),
(175, 78, 'مقترح إدراج مشروع مستشفى نفطة', '../uploads/documents/doc_78_1770040772.pdf', 1, 78),
(176, 78, 'التقرير الرقابي لمشروع مستشفي نفطة', '../uploads/documents/taqrir_78_1770040816.pdf', 11, 78),
(177, 79, 'مقترح إدراج الملعب الأولمبي بالمنزه', '../uploads/documents/doc_79_1770041147.pdf', 1, 79),
(178, 79, 'التقرير الرقابي للملعب الأولمبي بالمنزه', '../uploads/documents/taqrir_79_1770041164.pdf', 11, 79),
(179, 80, 'مقترح إدراج مشروع بناء الموارد التكنولوجية بالقطب التكنولوجي بسيدي ثابت', '../uploads/documents/doc_80_1770041401.pdf', 1, 80),
(180, 81, 'مقترح إدراج مشروع مدينة الأغالبة', '../uploads/documents/doc_81_1770041605.pdf', 1, 81),
(181, 81, 'التقرير الرقابي ممشروع مدينة الأغالبة', '../uploads/documents/taqrir_81_1770041634.pdf', 11, 81),
(182, 80, 'التقرير الرقابي ناء الموارد التكنولوجية بالقطب التكنولوجي بسيدي ثابت', '../uploads/documents/taqrir_80_1770041680.pdf', 11, 80),
(183, 82, 'مقترح إدراج مشروع اقتناء أبراج امتصاص الحامض الكبريتي', '../uploads/documents/doc_82_1770041922.pdf', 1, 82),
(184, 82, 'التقرير الرقابي مشروع اقتناء أبراج امتصاص الحامض الكبريتي', '../uploads/documents/taqrir_82_1770041941.pdf', 11, 82),
(185, 83, 'مقترح إدراج مشروع اقتناء وحدة تحلية المياه بالتناضح العكسي بمعمل المظيلة 1', '../uploads/documents/doc_83_1770042170.pdf', 1, 83),
(186, 83, 'التقرير الرقابي مقترح إدراج مشروع اقتناء وحدة تحلية المياه بالتناضح العكسي بمعمل المظيلة 1.', '../uploads/documents/taqrir_83_1770042195.pdf', 11, 83),
(187, 84, 'مقترح إدراج مشروع إنجاز وحدة تحلية المياه بالتناضح العكسي بمعمل الحامض الفسفوري بقابس', '../uploads/documents/doc_84_1770042749.pdf', 1, 84),
(188, 84, 'التقرير الرقابي مشروع إنجاز وحدة تحلية المياه بالتناضح العكسي بمعمل الحامض الفسفوري بقابس.pdf', '../uploads/documents/taqrir_84_1770042798.pdf', 11, 84),
(189, 85, 'مقترح ادراج مشروع اقتناء عنفتين بخاريتيْن كاملتيْن لوحدتيْ الحامض الكبريتي لمعمل الصخيرة', '../uploads/documents/doc_85_1770043124.pdf', 1, 85),
(190, 85, 'التقرير الرقابي مقترح ادراج مشروع اقتناء عنفتين بخاريتيْن كاملتيْن لوحدتيْ الحامض الكبريتي لمعمل الصخيرة.', '../uploads/documents/taqrir_85_1770043140.pdf', 11, 85),
(191, 86, 'مقترح إدراج مشروع اقتناء مرشّحيْن للحامض الفسفوري بمعمل الصخيرة.pdf', '../uploads/documents/doc_86_1770043734.pdf', 1, 86),
(192, 86, 'التقرير الرقابي مشروع اقتناء مرشّحيْن للحامض الفسفوري بمعمل الصخيرة.pdf', '../uploads/documents/taqrir_86_1770043750.pdf', 11, 86),
(193, 87, 'مقترح إدراج  تحويل وحدة الحامض الكبريتي بمعمل الحامض الفسفوري بقابس', '../uploads/documents/doc_87_1770043947.pdf', 1, 87),
(194, 87, 'التقرير الرقابي  تحويل وحدة الحامض الكبريتي بمعمل الحامض الفسفوري بقابس', '../uploads/documents/taqrir_87_1770043957.pdf', 11, 87),
(195, 88, 'مقترح إدراج وحدات الحامض الكبريتي بمعمل الصخيرة', '../uploads/documents/doc_88_1770044541.pdf', 1, 88),
(196, 88, 'التقرير الرقابي وحدات الحامض الكبريتي بمعمل الصخيرة', '../uploads/documents/taqrir_88_1770044554.pdf', 11, 88),
(197, 89, 'مقترح ادراج مصب لتكديس الفسفوجيبس بالطريقة المبلّلة بمعمل الصخيرة', '../uploads/documents/doc_89_1770044805.pdf', 1, 89),
(198, 89, 'التقرير الرقابي مصب لتكديس الفسفوجيبس بالطريقة المبلّلة بمعمل الصخيرة', '../uploads/documents/taqrir_89_1770044826.pdf', 11, 89),
(199, 90, 'مقترح إدراج طرق تخزين و نقل الفسفوجيبس من معامل المجمع الكيميائي التونسي بقفصة', '../uploads/documents/doc_90_1770045273.pdf', 1, 90),
(200, 90, 'التقرير الرقابي طرق تخزين و نقل الفسفوجيبس من معامل المجمع الكيميائي التونسي بقفصة', '../uploads/documents/taqrir_90_1770045289.pdf', 11, 90),
(201, 91, 'مقترح إدراج وحدة لصناعة الأسمدة المُحبّبة « SSP MCP » بالصخيرة', '../uploads/documents/doc_91_1770045424.pdf', 1, 91),
(202, 91, 'التقرير الرقابي وحدة لصناعة الأسمدة المُحبّبة « SSP MCP » بالصخيرة', '../uploads/documents/taqrir_91_1770045455.pdf', 11, 91),
(203, 73, 'مقترح إسناد صفقة اقتناء 30 عربة ميترو', '../uploads/documents/file_73_1770046409.pdf', 14, 73),
(204, 92, 'مقترح إدراج تجديد وحدات في سلسلة إنتاج ثلاثي الفسفاط الرّفيع بمعمل المظيلة', '../uploads/documents/doc_92_1770132449.pdf', 1, 92),
(205, 92, 'التقرير الرقابي تجديد وحدات في سلسلة إنتاج ثلاثي الفسفاط الرّفيع بمعمل المظيلة', '../uploads/documents/file_92_1770132491.pdf', 11, 92),
(206, 93, 'مقترح إدراج مشروع لإنتاج الأمونيا الخضراء بمعمل الأمونيترات بقابس', '../uploads/documents/doc_93_1770133323.pdf', 1, 93),
(207, 94, 'مقترح إدراج مشروع وحدة الحامض الفسفوري المُنقّى بالصخيرة', '../uploads/documents/doc_94_1770133651.pdf', 1, 94),
(208, 94, 'التقرير الرقابي لمشروع وحدة الحامض الفسفوري المُنقّى بالصخيرة', '../uploads/documents/file_94_1770133743.pdf', 11, 94),
(210, 93, 'التقرير الرقابي إنجاز مشروع نموذجي لإنتاج الأمونيا الخضراء بمعمل الأمونيترات بقابس', '../uploads/documents/file_93_1770134493.pdf', 11, 93),
(211, 95, 'مقترح الإدارج لمشروع استكمال مشاريع القسط الثالث والملاحق لمعمل المظيلة 2', '../uploads/documents/doc_95_1770134698.pdf', 1, 95),
(212, 95, 'التقرير الرقابي لمشروع استكمال مشاريع القسط الثالث والملاحق لمعمل المظيلة 2', '../uploads/documents/file_95_1770134721.pdf', 11, 95),
(213, 96, 'مقترح الإدراج لمشروع مغسلة جديدة بمنطقة أم الخشب مدينة المتلوي', '../uploads/documents/doc_96_1770134932.pdf', 1, 96),
(214, 96, 'التقرير الرقابي لمشروع مغسلة جديدة بمنطقة أم الخشب مدينة المتلوي', '../uploads/documents/file_96_1770134988.pdf', 11, 96),
(215, 97, 'مقترح الإدراج لمشروع الآبار التعويضية للمياه الصناعية', '../uploads/documents/doc_97_1770135358.pdf', 1, 97),
(216, 97, 'التقرير الرقابي لمشروع الآبار التعويضية للمياه الصناعية.pdf', '../uploads/documents/file_97_1770135384.pdf', 11, 97),
(217, 98, 'التقرير الرقابي لمشروع تركيز وحدة ترشيح ذات ضغط عالي بمغسلة كاف الدور.', '../uploads/documents/doc_98_1770631266.pdf', 1, 98),
(218, 98, 'التقرير الرقابي مشروع تركيز وحدة ترشيح ذات ضغط عالي بمغسلة كاف الدور.', '../uploads/documents/file_98_1770631323.pdf', 11, 98),
(219, 99, 'التقرير الرقابي مشروع اقتناء اليات منجمية', '../uploads/documents/doc_99_1770631787.pdf', 1, 99),
(220, 99, 'التقرير الرقابي مشروع اقتناء اليات منجمية', '../uploads/documents/file_99_1770631925.pdf', 11, 99),
(221, 100, 'مقترح إدراج إنجاز دراسة مشروع توزر نفطة للفسفاط', '../uploads/documents/doc_100_1770632455.pdf', 1, 100),
(222, 100, 'التقرير الرقابي إنجاز دراسة مشروع توزر نفطة للفسفاط', '../uploads/documents/file_100_1770632513.pdf', 11, 100),
(223, 101, 'التقرير الرقابي مشروع وحدة الإنتاج الجديدة بأم الخشب 2', '../uploads/documents/doc_101_1770633384.pdf', 1, 101),
(224, 101, 'التقرير الرقابي مشروع وحدة الإنتاج الجديدة بأم الخشب 2', '../uploads/documents/taqrir_101_1770633436.pdf', 11, 101),
(225, 101, 'التقرير الرقابي التقرير الرقابي', '../uploads/documents/file_101_1770633453.pdf', 13, 101),
(226, 102, 'مقترج الإدراج المشروع المندمج للنقل الهيدروليكي للفسفـاط', '../uploads/documents/doc_102_1770633764.pdf', 1, 102),
(227, 102, 'التقرير الرقابي المشروع المندمج للنقل الهيدروليكي للفسفـاط', '../uploads/documents/file_102_1770633853.pdf', 11, 102),
(228, 103, 'مقترح الإدراج مشروع تركيز محطة فوطوضوئية لتوليد الكهرباء بأم الخشب', '../uploads/documents/doc_103_1770634005.pdf', 1, 103),
(229, 103, 'التقرير الرقابي مشروع تركيز محطة فوطوضوئية لتوليد الكهرباء بأم الخشب', '../uploads/documents/file_103_1770634062.pdf', 11, 103),
(230, 104, 'مقترح إدراج مشروع تصميم و إنجاز وحدة لتصنيع الأكياس البلاستيكة و طباعاتها', '../uploads/documents/doc_104_1770634236.pdf', 1, 104),
(231, 104, 'التقرير الرقابي مشروع تصميم و إنجاز وحدة لتصنيع الأكياس البلاستيكة و طباعاتها', '../uploads/documents/file_104_1770634463.pdf', 11, 104),
(232, 105, 'مقترح إدراج مشروع اقتناء مقتصدات حرارية', '../uploads/documents/doc_105_1770634653.pdf', 1, 105),
(233, 105, 'التقرير الرقابي مشروع اقتناء مقتصدات حرارية', '../uploads/documents/file_105_1770634700.pdf', 11, 105),
(234, 106, 'مقترح إدراج مشروع تحويل وحدة الحامض الكبريتي.', '../uploads/documents/doc_106_1770634890.pdf', 1, 106),
(235, 106, 'التقرير الرقابي مشروع تحويل وحدة الحامض الكبريتي', '../uploads/documents/file_106_1770634928.pdf', 11, 106),
(236, 107, 'مقترح الإدراج مشروع إنجاز وحدة لصناعة الأسمدة المُحبّبة SSP-mcp بالصخيرة', '../uploads/documents/doc_107_1770635429.pdf', 1, 107),
(237, 107, 'التقرير الرقابي مشروع إنجاز وحدة لصناعة الأسمدة المُحبّبة SSP-mcp بالصخيرة', '../uploads/documents/file_107_1770635445.pdf', 11, 107),
(238, 108, 'مقترح إدراج مشروع اقتناء مبرّدات الحامض الكبريتي', '../uploads/documents/doc_108_1770635600.pdf', 1, 108),
(239, 108, 'التقرير الرقابي مشروع اقتناء مبرّدات الحامض الكبريتي', '../uploads/documents/file_108_1770635616.pdf', 11, 108),
(240, 109, 'مشروع اقتناء محرّكات كهربائية ذات ضغط متوسّط', '../uploads/documents/doc_109_1770635843.pdf', 1, 109),
(241, 109, 'التقرير الرقابي مشروع اقتناء محرّكات كهربائية ذات ضغط متوسّط', '../uploads/documents/file_109_1770635858.pdf', 11, 109),
(242, 110, 'مقترح إدراج مشروع اقتناء قاطرة نقل عربات الفسفاط بمعمل المظيلة 1', '../uploads/documents/doc_110_1770643115.pdf', 1, 110),
(243, 110, 'التقرير الرقابي مشروع اقتناء قاطرة نقل عربات الفسفاط بمعمل المظيلة 1', '../uploads/documents/file_110_1770643157.pdf', 11, 110),
(244, 111, 'مقترح إدراج مشروع اقتناء وتركيب وتشغيل وحدة ذاتية', '../uploads/documents/doc_111_1770643530.pdf', 1, 111),
(245, 111, 'التقرير الرقابي مشروع اقتناء وتركيب وتشغيل وحدة ذاتية', '../uploads/documents/file_111_1770643557.pdf', 11, 111),
(246, 112, 'مشروع الحدّ من انبعاث ثاني أكسيد الكبريت SO2', '../uploads/documents/doc_112_1770643958.pdf', 1, 112),
(247, 112, 'التقرير الرقابي مشروع الحدّ من انبعاث ثاني أكسيد الكبريت «SO2»', '../uploads/documents/file_112_1770643972.pdf', 11, 112),
(248, 113, 'مقترح ادراج مشروع اقتناء عنفة بخارية كاملة', '../uploads/documents/doc_113_1770644179.pdf', 1, 113),
(249, 113, 'التقرير الرقابي مشروع اقتناء عنفة بخارية كاملة', '../uploads/documents/file_113_1770644192.pdf', 11, 113),
(250, 114, 'مقترح إدراج مشروع اقتناء مرجلة مساعدة لمعمل المظيلة 2', '../uploads/documents/doc_114_1770644310.pdf', 1, 114),
(251, 114, 'التقرير الرقابي  مشروع اقتناء مرجلة مساعدة.', '../uploads/documents/file_114_1770644379.pdf', 11, 114),
(252, 115, 'مقترح إدراج مشروع استبدال مفاعل الحامض الفسفوري 3510', '../uploads/documents/doc_115_1770644550.pdf', 1, 115),
(253, 115, 'التقرير الرقابيمشروع استبدال مفاعل الحامض الفسفوري 3510', '../uploads/documents/file_115_1770644564.pdf', 11, 115),
(254, 116, 'مقترح إدراج مشروع استكمال بناء مقرّ الإدارة الجهوية للمجمع الكيميائي التونسي بقابس.', '../uploads/documents/doc_116_1770644672.pdf', 1, 116),
(255, 116, 'التقرير الرقابي مشروع استكمال بناء مقرّ الإدارة الجهوية للمجمع الكيميائي التونسي بقابس', '../uploads/documents/file_116_1770644710.pdf', 11, 116),
(256, 117, 'مقترح إدراج مشروع إتمام إنجاز بناء المدرسة الوطنية للمهندسين ببنزرت', '../uploads/documents/doc_117_1770644940.pdf', 1, 117),
(257, 117, 'التقرير الرقابي مشروع إتمام إنجاز بناء المدرسة الوطنية للمهندسين ببنزرت.', '../uploads/documents/file_117_1770644978.pdf', 11, 117),
(258, 118, 'مقترح إدراج مشروع إستئناف إنجاز مشروع المدينة الرقمية بالنحلى.', '../uploads/documents/doc_118_1770645202.pdf', 1, 118),
(259, 118, 'التقرير الرقابي مشروع المدينة الرقمية بالنحلى.', '../uploads/documents/file_118_1770645236.pdf', 11, 118),
(260, 119, 'مقترح إدراج مشروع إنجاز ميناء المياه العميقة', '../uploads/documents/doc_119_1770645490.pdf', 1, 119),
(261, 119, 'التقرير الرقابي مشروع إنجاز ميناء المياه العميقة', '../uploads/documents/file_119_1770645503.pdf', 11, 119),
(262, 120, 'مقترح إدراج مشروع إنجاز مركز حديث للصيانة و تجديد 20 عربة.', '../uploads/documents/doc_120_1771257302.pdf', 1, 120),
(263, 120, 'التقرير الرقابي التقرير الرقابي مشروع إنجاز مركز حديث للصيانة و تجديد 20 عربة', '../uploads/documents/file_120_1770646009.pdf', 11, 120),
(264, 121, 'مشروع إدراج مشروع أشغال تهيئة توسعة المنطقة الصناعية الكاف.', '../uploads/documents/doc_121_1770646223.pdf', 1, 121),
(265, 121, 'التقرير الرقابي مشروع أشغال تهيئة توسعة المنطقة الصناعية الكاف', '../uploads/documents/file_121_1770646267.pdf', 11, 121),
(266, 122, 'مقترح إدراج مشروع تكملة التهيئة وأشغال إنجاز محطة الضخ الكاف وادي الرمل', '../uploads/documents/doc_122_1770647556.pdf', 1, 122),
(267, 122, 'التقرير الرقابي مشروع تكملة التهيئة وأشغال إنجاز محطة الضخ الكاف وادي الرمل', '../uploads/documents/file_122_1770647587.pdf', 11, 122),
(268, 123, 'مقترح الإدراج مشروع تهيئة المنطقة الصناعية النفيضة III', '../uploads/documents/doc_123_1770647756.pdf', 1, 123),
(269, 123, 'التقرير الرقابي مشروع تهيئة المنطقة الصناعية النفيضة III', '../uploads/documents/file_123_1770647805.pdf', 11, 123),
(270, 124, 'مقترح إدراج مشروع تهيئة المنطقة الصناعية أمّ العظام', '../uploads/documents/doc_124_1770647983.pdf', 1, 124),
(271, 124, 'التقرير الرقابي مشروع تهيئة المنطقة الصناعية أمّ العظام.', '../uploads/documents/file_124_1770648013.pdf', 11, 124),
(272, 125, 'مقترح إدراج مشروع تهيئة المنطقة الصناعية هنشير بوتفاحة 2', '../uploads/documents/doc_125_1770648095.pdf', 1, 125),
(273, 125, 'التقرير الرقابي مشروع تهيئة المنطقة الصناعية هنشير بوتفاحة 2', '../uploads/documents/file_125_1770648107.pdf', 11, 125),
(274, 126, 'مقترح إدراج مشروع تهيئة المنطقة الصناعية بدقة من ولاية باجة', '../uploads/documents/doc_126_1770648220.pdf', 1, 126),
(275, 126, 'التقرير الرقابي مشروع تهيئة المنطقة الصناعية بدقة', '../uploads/documents/file_126_1770648251.pdf', 11, 126),
(276, 127, 'مقترح إدراج مشروع تهيئة المنطقة الصناعية بسيدي عاشور', '../uploads/documents/doc_127_1770648339.pdf', 1, 127),
(277, 127, 'التقرير الرقابي مشروع تهيئة المنطقة الصناعية بسيدي عاشور', '../uploads/documents/file_127_1770648377.pdf', 11, 127),
(278, 128, 'مشروع بناء المستشفي الجهوي صنف &quot;ب&quot; بتالة من ولاية القصرين.', '../uploads/documents/doc_128_1770648615.pdf', 1, 128),
(279, 128, 'التقرير الرقابي مشروع بناء المستشفي الجهوي صنف ب بتالة من ولاية القصرين.', '../uploads/documents/file_128_1770648704.pdf', 11, 128),
(280, 129, 'مقترح الإدراج معالجة الإشكاليات المتعلقة بمشاريع إزالة التلوث', '../uploads/documents/doc_129_1770648883.pdf', 1, 129),
(281, 129, 'التقرير الرقابي معالجة الإشكاليات المتعلقة بمشاريع إزالة التلوث.', '../uploads/documents/file_129_1770648943.pdf', 11, 129),
(282, 130, 'مقترح إدراج مشروع وحدة معالجة و تثمين النفايات المنزلية و المشابهة بولاية صفاقس', '../uploads/documents/doc_130_1770649035.pdf', 1, 130),
(283, 130, 'التقرير الرقابي مشروع وحدة معالجة و تثمين النفايات المنزلية و المشابهة', '../uploads/documents/file_130_1770649064.pdf', 11, 130),
(284, 131, 'مقترح إدراج مشروع وحدة معالجة و تثمين النفايات المنزلية و المشابهة بجربة', '../uploads/documents/doc_131_1770649144.pdf', 1, 131),
(285, 131, 'التقرير الرقابي مشروع وحدة معالجة و تثمين النفايات المنزلية و المشابهة بجربة', '../uploads/documents/file_131_1770649159.pdf', 11, 131),
(286, 74, 'محضر جلسة عدد 1', '../uploads/commissions/mahdar_18_1770651678.pdf', 25, 18),
(287, 75, 'قرار اللجنة جلسة عدد 1', '../uploads/commissions/qarar_18_1770651708.pdf', 26, 18),
(288, 130, 'محضر جلسة عدد 2', '../uploads/commissions/mahdar_19_1770651862.pdf', 25, 19),
(289, 130, 'قرار اللجنة جلسة عدد 2', '../uploads/commissions/qarar_19_1770651921.pdf', 26, 19),
(290, 73, 'محضر جلسة عدد 3', '../uploads/commissions/mahdar_20_1770652104.pdf', 25, 20),
(291, 73, 'قرار اللجنة جلسة عدد 3', '../uploads/commissions/qarar_20_1770652117.pdf', 26, 20),
(292, 77, 'محضر جلسة عدد 4', '../uploads/commissions/mahdar_21_1770652212.pdf', 25, 21),
(293, 77, 'قرار اللجنة جلسة عدد 4', '../uploads/commissions/qarar_21_1770652244.pdf', 26, 21),
(294, 77, 'محضر جلسة عدد 5', '../uploads/commissions/mahdar_22_1770653539.pdf', 25, 22),
(295, 77, 'قرار اللجنة جلسة عدد 5', '../uploads/commissions/qarar_22_1770653550.pdf', 26, 22),
(296, 75, 'محضر جلسة عدد 6', '../uploads/commissions/mahdar_23_1770653678.pdf', 25, 23),
(297, 75, 'قرار اللجنة جلسة عدد 6', '../uploads/commissions/qarar_23_1770653690.pdf', 26, 23),
(298, 78, 'محضر جلسة عدد 7', '../uploads/commissions/mahdar_24_1770653842.pdf', 25, 24),
(299, 78, 'قرار اللجنة جلسة عدد 7', '../uploads/commissions/qarar_24_1770653857.pdf', 26, 24),
(301, 77, 'ملف الإسناد', '../uploads/appels_offres/appel_offre_77_1770734427.pdf', 30, 5),
(302, 117, 'ملف الإسناد', '../uploads/appels_offres/appel_offre_117_1770999042.pdf', 30, 6),
(303, 119, '', '../uploads/documents/taqrir_119_1771257314.pdf', 11, 119),
(304, 118, 'محضر جلسة عدد 7', '../uploads/commissions/mahdar_25_1771431338.pdf', 25, 25),
(305, 78, 'ملف الإسناد', '../uploads/appels_offres/appel_offre_78_1771841590.pdf', 30, 7),
(306, 118, 'قرار اللجنة بخصوص مشروع بناء مستشفي نفطة', '../uploads/commissions/qarar_25_1771843994.pdf', 26, 25),
(308, 78, 'محضر جلسة عدد 7', '../uploads/commissions/mahdar_26_1771844409.pdf', 25, 26),
(309, 78, 'قرار اللجنة جلسة عدد 7', '../uploads/commissions/qarar_26_1771844641.pdf', 26, 26),
(310, 79, 'محضر جلسة عدد 8', '../uploads/commissions/mahdar_27_1771845158.pdf', 25, 27),
(312, 78, 'محضر جلسة عدد 7', '../uploads/commissions/mahdar_28_1771926734.pdf', 25, 28),
(313, 78, 'قرار اللجنة جلسة عدد 7', '../uploads/commissions/qarar_28_1771926789.pdf', 26, 28),
(316, 118, 'محضر جلسة اسناد وقتي عدد 8', '../uploads/commissions/mahdar_29_1772093799.pdf', 25, 29),
(317, 79, 'ملف الإسناد', '../uploads/appels_offres/appel_offre_79_1772795872.pdf', 30, 8),
(318, 118, 'ملف الإسناد', '../uploads/appels_offres/appel_offre_118_1772795545.pdf', 30, 9),
(320, 118, 'قرار اللجنة جلسة عدد 8', '../uploads/commissions/qarar_29_1772181494.pdf', 26, 29),
(321, 79, 'مراسلة من وزير التجهيز بخصوص ملعب المنزه', '../uploads/documents/file_79_1772181930.pdf', 16, 79),
(322, 132, 'القطار الفائق السرعة TGV', '../uploads/documents/doc_132_1772446063.pdf', 1, 132),
(323, 132, 'التقرير الرقابي لمشروع القطار فائق السرعة TGV', '../uploads/documents/file_132_1772446592.pdf', 11, 132),
(324, 133, 'مقترح إدراج مشروع ربط مطار تونس قرطاج الدولي بتونس العاصمة.', '../uploads/documents/doc_133_1772447831.pdf', 1, 133),
(325, 133, 'مقترح إسناد مشروع ربط مطار تونس قرطاج الدولي بتونس العاصمة.', '../uploads/documents/file_133_1772447961.pdf', 11, 133),
(326, 134, 'مقترح إدراج مشروع توسعة مطار تونس قرطاج الدولي.', '../uploads/documents/doc_134_1772448533.pdf', 1, 134),
(327, 134, 'تقرير راقبي مشروع توسعة مطار تونس قرطاج الدولي.', '../uploads/documents/file_134_1772448605.pdf', 11, 134),
(333, 138, 'مقترح إدراج مشروع إنجاز ميناء المياه العميقة ومنطقة الخدمات اللوجستية بالنفيضة (المشروع 2).', '../uploads/documents/doc_138_1772626421.pdf', 1, 138),
(334, 138, 'التقرير الرقابي', '../uploads/documents/file_138_1772626565.pdf', 13, 138),
(335, 139, 'مفترح الإدراج', '../uploads/documents/doc_139_1772627212.pdf', 1, 139),
(336, 139, 'التقرير الرقابي للمشروع.', '../uploads/documents/file_139_1772627241.pdf', 13, 139),
(337, 73, 'مقترح الكتابة القارة للجنة المشاريع الكبرى', '../uploads/documents/file_73_1772627634.pdf', 17, 73),
(345, 132, 'محضر جلسة عدد 10', '../uploads/commissions/mahdar_31_1772785956.pdf', 25, 31),
(346, 132, 'قرار اللجنة جلسة عدد 10', '../uploads/commissions/qarar_31_1772786700.pdf', 26, 31),
(347, 73, 'ملف الإسناد', '../uploads/appels_offres/appel_offre_73_1772799772.pdf', 30, 10);

-- --------------------------------------------------------

--
-- Structure de la table `etablissement`
--

CREATE TABLE `etablissement` (
  `idEtablissement` int(11) NOT NULL,
  `libEtablissement` varchar(300) NOT NULL,
  `adrEtablissement` varchar(300) NOT NULL,
  `idMinistere` int(11) NOT NULL,
  `idGouvernement` int(11) NOT NULL
) ENGINE=InnoDB DEFAULT CHARSET=utf8;

--
-- Déchargement des données de la table `etablissement`
--

INSERT INTO `etablissement` (`idEtablissement`, `libEtablissement`, `adrEtablissement`, `idMinistere`, `idGouvernement`) VALUES
(1, 'الهيئة الوطنية لحماية المعطيات الشخصية', '1 نهج محمد معلى 1002 ميتيال فيل تونس', 1, 5),
(2, 'الشركة الجديدة للطباعة والصحافة والنشر', '6 ، نهج علي باش حامبة 1000 تونس', 1, 5),
(3, 'وكالة تونس افريقيا للانباء', '7 شارع سليمان بن سليمان 2092 – المنار الثاني- تونس', 1, 5),
(4, 'المطبعة الرسمية للجمهورية التونسية', 'شارع فرحات حشاد - رادس المدينة 2098 تونس', 1, 7),
(5, 'الأرشيف الوطني التونسي', '122, Boulevard 9 avril 1938, Tunis', 1, 5),
(6, 'التلفزة التونسية', 'Rue de la Ligue Arabe, Belvédère - Tunis 1002\r\n', 1, 5),
(7, 'الإذاعة الوطنية', '71 شارع الحرية تونس', 1, 5),
(8, 'السجل الوطني للمؤسسات', 'ﻋـﺪد 1 ﻧـﻬـﺞ اﺑﻮ اﻟـﻌﺒﺎس اﻟﻘـﺴﻨـﻄﻴﻨﻲ اﻟﺤﻲ اﻻوﻟﻤﺒﻲ، ص.ب 66 - ﺗﻮﻧﺲ 1003 - ﺗﻮﻧﺲ', 1, 5),
(9, 'المجمع التونسي للعلوم والآداب والفنون -بيت الحكمة', 'المجمع التونسي للعلوم والآداب والفنون -بيت الحكمة', 1, 5),
(10, 'المركز الوطني للتوثيق', 'نهج عبد الرزاق الشرايبي 1000 تونس', 1, 5),
(11, 'مركز إفادة	', '66 شارع معاوية إبن ابي سفيان -2037- المنزه السابع\r\n', 1, 5),
(12, 'المدرسة الوطنية للإدارة', '24 نهج الدكتور كلمات ميتيال فيل تونس', 1, 5),
(13, 'المركز الأفريقي لتدريب الصحفيين والاتصال	', '9 نهج هوكر دوليتل 1002 تونس بلفيدار - تونس', 1, 5),
(15, 'الوزارة', '', 17, 5),
(33, 'الوزارة', '', 11, 5),
(34, 'الوزارة', '', 7, 5),
(35, 'الوزارة', '', 15, 5),
(36, 'الوزارة', '', 8, 5),
(37, 'الوزارة', '', 9, 5),
(38, 'الوزارة', '', 2, 5),
(39, 'الوزارة', '', 3, 5),
(40, 'الوزارة', '', 4, 5),
(41, 'الوزارة', '', 5, 5),
(42, 'الوزارة', '', 6, 5),
(43, 'الوزارة', '', 10, 5),
(44, 'الوزارة', '', 12, 5),
(45, 'الوزارة', '', 13, 5),
(46, 'الوزارة', '', 14, 5),
(47, 'الوزارة', '', 18, 5),
(48, 'الوزارة', '', 5, 5),
(49, 'الوزارة', '', 16, 5),
(50, 'الوزارة', '', 19, 5),
(51, 'الوزارة', '', 20, 5),
(52, 'الوزارة', '', 21, 5),
(53, 'الوزارة', '', 22, 5),
(54, 'الوزارة', '', 23, 5),
(55, 'الوزارة', '', 24, 5),
(56, 'الوزارة', '', 25, 5),
(57, 'الوزارة', '', 5, 5),
(58, 'المجمع الكيميائي التونسي', '', 9, 5),
(59, 'شركة فسفاط قفصة', '', 9, 5),
(60, 'الوكالة العقارية الصناعية', '9 et 13 Rue Chott Mariem Montplaisir 1002 Tunis Belvédère, Tunis 1002', 9, 5),
(61, 'شركة نقل تونس', 'شارع اليابان منبليزير 1073 تونس', 17, 5),
(62, 'الشركة الوطنية للسكك الحديدية التونسية', '67 ، شارع فرحات حشاد 1001 تونس', 17, 5),
(63, 'شركة ميناء النفيضة', 'نهج أفلاطون منطقة خير الدين ضفاف البحيرة 3 تونس', 17, 5),
(64, 'شركة أسواق الإنتاج بالوسط', 'شارع الحبيب بورقيبة، عمارة المؤسسة، الطابق الثالث، سيدي بوزيد 9100، تونس', 11, 18),
(65, 'ديوان الطيران المدنيّ والمطارات', '', 17, 5);

-- --------------------------------------------------------

--
-- Structure de la table `fournisseur`
--

CREATE TABLE `fournisseur` (
  `idFour` int(11) NOT NULL,
  `nomFour` varchar(200) NOT NULL,
  `adresseFour` varchar(300) NOT NULL,
  `telFour` int(11) NOT NULL,
  `emailFour` varchar(200) NOT NULL,
  `rib` varchar(30) NOT NULL
) ENGINE=InnoDB DEFAULT CHARSET=utf8;

--
-- Déchargement des données de la table `fournisseur`
--

INSERT INTO `fournisseur` (`idFour`, `nomFour`, `adresseFour`, `telFour`, `emailFour`, `rib`) VALUES
(1, 'مقالة بني هلال لللأشغال العامة ', '', 0, '', ''),
(2, 'القروي و شركائه ', '', 0, '', ''),
(3, 'SEGE', '', 0, '', ''),
(4, 'EBE', '', 0, '', ''),
(5, 'SIT', '', 0, '', ''),
(6, 'مقاولة مزهودة و أبناؤه ', '', 0, '', ''),
(7, 'كوتيماث ', '', 0, '', ''),
(8, 'COGETEL', '', 0, '', ''),
(9, 'شركة SOTRABA SUD', '', 0, '', ''),
(10, 'SCET-TUNISIE', '', 0, '', ''),
(11, 'EMGTPH', '', 0, '', ''),
(12, 'CRRC NANJING PUZHEN', 'الصين', 0, '', '');

-- --------------------------------------------------------

--
-- Structure de la table `gouvernorat`
--

CREATE TABLE `gouvernorat` (
  `idGov` int(11) NOT NULL,
  `libGov` varchar(100) NOT NULL,
  `positionGov` varchar(100) NOT NULL,
  `idSecteur` int(11) NOT NULL
) ENGINE=InnoDB DEFAULT CHARSET=utf8;

--
-- Déchargement des données de la table `gouvernorat`
--

INSERT INTO `gouvernorat` (`idGov`, `libGov`, `positionGov`, `idSecteur`) VALUES
(1, 'بنزرت', 'الشمال الغربي', 1),
(2, 'باجة', 'الشمال الغربي', 1),
(3, 'جندوبة', 'الشمال الغربي', 1),
(4, 'الكاف', 'الشمال الغربي', 1),
(5, 'تونس', 'تونس الكبرى', 2),
(6, 'أريانة', 'تونس الكبرى', 2),
(7, 'بن عروس', 'تونس الكبرى', 2),
(8, 'منوبة', 'تونس الكبرى', 2),
(9, 'زغوان', 'الساحل', 2),
(10, 'نابل', 'الساحل', 2),
(11, 'سليانة', 'الشمال الغربي', 3),
(12, 'سوسة', 'الساحل', 3),
(13, 'القصرين', 'الجنوب الغربي', 3),
(14, 'القيروان', 'الجنوب الغربي', 3),
(15, 'المنستير', 'الساحل', 3),
(16, 'المهدية', 'الساحل', 3),
(17, 'توزر', 'الجنوب الغربي', 4),
(18, 'سيدي بوزيد', 'الجنوب الغربي', 4),
(19, 'صفاقس', 'إقليم صفاقس', 4),
(20, 'قفصة', 'الجنوب الغربي', 4),
(21, 'تطاوين', 'الجنوب الشرقي', 5),
(22, 'قابس', 'الجنوب الشرقي', 5),
(23, 'قبلي', 'الجنوب الشرقي', 5),
(24, 'مدنين', 'الجنوب الشرقي', 5);

-- --------------------------------------------------------

--
-- Structure de la table `journal`
--

CREATE TABLE `journal` (
  `idJournal` int(11) NOT NULL,
  `idUser` int(11) NOT NULL,
  `action` varchar(400) NOT NULL,
  `date` date NOT NULL
) ENGINE=InnoDB DEFAULT CHARSET=utf8;

--
-- Déchargement des données de la table `journal`
--

INSERT INTO `journal` (`idJournal`, `idUser`, `action`, `date`) VALUES
(1, 8, 'تسجيل الدخول', '2025-11-21'),
(2, 8, 'تسجيل الخروج', '2025-11-21'),
(3, 8, 'تسجيل الدخول', '2025-11-21'),
(4, 8, 'تسجيل الخروج', '2025-11-21'),
(5, 8, 'تسجيل الدخول', '2025-11-21'),
(6, 8, 'تسجيل الخروج', '2025-11-21'),
(7, 8, 'تسجيل الدخول', '2025-11-21'),
(8, 8, 'تسجيل الخروج', '2025-11-21'),
(9, 8, 'تسجيل الدخول', '2025-11-21'),
(10, 8, 'تسجيل الخروج', '2025-11-21'),
(11, 8, 'تسجيل الدخول', '2025-11-21'),
(12, 8, 'تسجيل الخروج', '2025-11-21'),
(13, 8, 'تسجيل الدخول', '2025-11-21'),
(14, 8, 'تسجيل الخروج', '2025-11-21'),
(15, 1, 'تسجيل الدخول', '2025-11-21'),
(16, 1, 'تسجيل الخروج', '2025-11-21'),
(17, 1, 'تسجيل الدخول', '2025-11-21'),
(18, 1, 'تسجيل الدخول', '2025-11-24'),
(19, 1, 'تسجيل الدخول', '2025-11-24'),
(20, 34, 'تسجيل الخروج', '2025-11-24'),
(21, 1, 'تسجيل الدخول', '2025-11-24'),
(22, 1, 'تسجيل الخروج', '2025-11-24'),
(23, 1, 'تسجيل الدخول', '2025-11-24'),
(24, 1, 'تسجيل الدخول', '2025-11-24'),
(25, 34, 'تسجيل الخروج', '2025-11-24'),
(26, 1, 'تسجيل الدخول', '2025-11-24'),
(27, 1, 'تسجيل الدخول', '2025-11-24'),
(28, 1, 'تسجيل الدخول', '2025-11-24'),
(29, 34, 'تسجيل الخروج', '2025-11-24'),
(30, 1, 'تسجيل الدخول', '2025-11-24'),
(31, 34, 'تسجيل الخروج', '2025-11-24'),
(32, 1, 'تسجيل الدخول', '2025-11-24'),
(33, 34, 'تسجيل الخروج', '2025-11-24'),
(34, 1, 'تسجيل الدخول', '2025-11-24'),
(35, 1, 'إضافة مقترح جديد رقم 6: مشروع اقتناء 30 عربة مترو لف?', '2025-11-24'),
(36, 34, 'تسجيل الخروج', '2025-11-24'),
(37, 1, 'تسجيل الدخول', '2025-11-24'),
(38, 34, 'تسجيل الخروج', '2025-11-24'),
(39, 1, 'تسجيل الدخول', '2025-11-24'),
(40, 34, 'تسجيل الخروج', '2025-11-24'),
(41, 1, 'تسجيل الدخول', '2025-11-24'),
(42, 1, 'إضافة مقترح جديد رقم 7: مشروع منصة أسواق الإنتاج ال', '2025-11-24'),
(43, 1, 'تسجيل الدخول', '2025-11-25'),
(44, 1, 'تسجيل الدخول', '2025-11-25'),
(45, 1, 'تسجيل الدخول', '2025-11-26'),
(46, 1, 'إضافة التقرير الرقابي للمقترح رقم 6: التقرير الرقابي مشروع اقتناء 30 عربة مترو.', '2025-11-26'),
(47, 1, 'إضافة التقرير الرقابي للمقترح رقم 7: ت ق منصة أسواق الإنتاج الوسط', '2025-11-26'),
(48, 1, 'إضافة مقترح جديد رقم 8: مشروع بناء المستشفى الجهوي ', '2025-11-26'),
(49, 1, 'إضافة التقرير الرقابي للمقترح رقم 8: ت ر لبناء المستشفى الجهوي ببئر على بن خليفة', '2025-11-26'),
(50, 1, 'إضافة مقترح جديد رقم 9: مشروع دعم اسس و هياكل المبن?', '2025-11-26'),
(51, 1, 'إضافة التقرير الرقابي للمقترح رقم 9: ت ق مشروع دعم اسس و هياكل المبني الرئيسي بالمستشفي الجامعي الهادي شاكر', '2025-11-26'),
(52, 1, 'إضافة مقترح جديد رقم 10: ادراج مشروع بناء المستشفى ا', '2025-11-26'),
(53, 1, 'إضافة التقرير الرقابي للمقترح رقم 10: ت ر مشروع بناء المستشفى الجهوي صنف &quot;ب&quot; بسبيطلة', '2025-11-26'),
(54, 1, 'إضافة مقترح جديد رقم 11: ادراج مشروع بناء المستشفى ا', '2025-11-26'),
(55, 1, 'إضافة التقرير الرقابي للمقترح رقم 11: ت ر مشروع بناء المستشفى الجهوي صنف ب نفطة', '2025-11-26'),
(56, 1, 'إضافة مقترح جديد رقم 12: حول مشروع تهيئة الملعب الأو', '2025-11-26'),
(57, 1, 'إضافة التقرير الرقابي للمقترح رقم 12: ت ر مشروع تهيئة الملعب الأولمبي بالمنزه', '2025-11-26'),
(58, 1, 'إضافة مقترح جديد رقم 13: حول النظر فى عرض مشروع بناء ', '2025-11-26'),
(59, 1, 'إضافة التقرير الرقابي للمقترح رقم 13: ت ر بناء الموارد التكنولوجية بالقطب التكنولوجي بسيدي ثابت', '2025-11-26'),
(60, 1, 'إضافة مقترح جديد رقم 14: مشروع بناء مدينة الأغالبة ا', '2025-11-26'),
(61, 1, 'إضافة التقرير الرقابي للمقترح رقم 14: ت ر مشروع بناء مدينة الأغالبة الطبية بالقيروان.', '2025-11-26'),
(62, 1, 'إضافة مقترح جديد رقم 15: مشروع اقتناء أبراج امتصاص ا', '2025-11-26'),
(63, 1, 'إضافة التقرير الرقابي للمقترح رقم 15: ت ر  اقتناء أبراج امتصاص الحامض الكبريتي', '2025-11-26'),
(64, 1, 'إضافة مقترح جديد رقم 16: مشروع اقتناء وحدة تحلية الم', '2025-11-26'),
(65, 1, 'إضافة التقرير الرقابي للمقترح رقم 16: ت ر وحدة تحلية المياه بالتناضح العكسي', '2025-11-26'),
(66, 1, 'إضافة مقترح جديد رقم 17: مشروع إنجاز وحدة تحلية المي', '2025-11-26'),
(67, 1, 'إضافة التقرير الرقابي للمقترح رقم 17: ت ر وحدة تحلية المياه بالتناضح العكسي', '2025-11-26'),
(68, 1, 'إضافة مقترح جديد رقم 18: مشروع اقتناء عنفتين بخاريت?', '2025-11-26'),
(69, 1, 'إضافة التقرير الرقابي للمقترح رقم 18: ت ر اقتناء عنفتين بخاريتيْن كاملتيْن', '2025-11-26'),
(70, 1, 'إضافة مقترح جديد رقم 19: مشروع اقتناء مرشّحيْن للحا?', '2025-11-26'),
(71, 1, 'إضافة التقرير الرقابي للمقترح رقم 19: ت ر اقتناء مرشّحيْن للحامض الفسفوري', '2025-11-26'),
(72, 1, 'إضافة مقترح جديد رقم 20: مشروع تحويل وحدة الحامض الك', '2025-11-26'),
(73, 1, 'إضافة التقرير الرقابي للمقترح رقم 20: ت ر وحدة الحامض الكبريتي', '2025-11-26'),
(74, 1, 'إضافة مقترح جديد رقم 21: مشروع تحويل وحدات الحامض ال', '2025-11-26'),
(75, 1, 'إضافة التقرير الرقابي للمقترح رقم 21: ت ر  تحويل وحدات الحامض الكبريتي', '2025-11-26'),
(76, 1, 'إضافة مقترح جديد رقم 22: مشروع تهيئة مصب لتكديس الفس', '2025-11-26'),
(77, 1, 'إضافة التقرير الرقابي للمقترح رقم 22: ت ر  تهيئة مصب لتكديس الفسفوجيبس', '2025-11-26'),
(78, 1, 'إضافة مقترح جديد رقم 23: مشروع طرق تخزين و نقل الفسف?', '2025-11-26'),
(79, 1, 'إضافة التقرير الرقابي للمقترح رقم 23: ت ر  طرق تخزين و نقل الفسفوجيبس', '2025-11-26'),
(80, 1, 'تسجيل الدخول', '2025-11-27'),
(81, 1, 'إضافة مقترح جديد رقم 24: مشروع إنجاز وحدة لصناعة الأ', '2025-11-27'),
(82, 1, 'إضافة التقرير الرقابي للمقترح رقم 24: وحدة لصناعة الأسمدة المُحبّبة - تغيير الحالة إلى الإحالة على اللجنة', '2025-11-27'),
(83, 1, 'إضافة مقترح جديد رقم 25: مشروع تجديد وحدات في سلسلة ?', '2025-11-27'),
(84, 1, 'إضافة التقرير الرقابي للمقترح رقم 25: ت ر تجديد وحدات في سلسلة إنتاج - تغيير الحالة إلى الإحالة على اللجنة', '2025-11-27'),
(85, 1, 'تسجيل الدخول', '2025-11-27'),
(86, 1, 'إضافة مقترح جديد رقم 26: إنجاز مشروع نموذجي لإنتاج ا', '2025-11-27'),
(87, 1, 'إضافة التقرير الرقابي للمقترح رقم 26: ت ر مشروع نموذجي لإنتاج الأمونيا الخضراء بمعمل الأمونيترات - تغيير الحالة إلى الإحالة على اللجنة', '2025-11-27'),
(88, 1, 'إضافة مقترح جديد رقم 27: مشروع وحدة الحامض الفسفوري ', '2025-11-27'),
(89, 1, 'إضافة التقرير الرقابي للمقترح رقم 27: وحدة الحامض الفسفوري - تغيير الحالة إلى الإحالة على اللجنة', '2025-11-27'),
(90, 1, 'إضافة مقترح جديد رقم 28: مشروع استكمال مشاريع القسط ', '2025-11-27'),
(91, 1, 'إضافة التقرير الرقابي للمقترح رقم 28: مشاريع القسط الثالث والملاحق لمعمل  المظيلة 2 - تغيير الحالة إلى الإحالة على اللجنة', '2025-11-27'),
(92, 1, 'إضافة مقترح جديد رقم 29: مشروع مغسلة جديدة بمنطقة أم', '2025-11-27'),
(93, 1, 'إضافة التقرير الرقابي للمقترح رقم 29: ت ر مغسلة جديدة بمنطقة أم الخشب - تغيير الحالة إلى الإحالة على اللجنة', '2025-11-27'),
(94, 1, 'إضافة مقترح جديد رقم 30: مشروع الآبار التعويضية للم?', '2025-11-27'),
(95, 1, 'إضافة التقرير الرقابي للمقترح رقم 30: ت ر مشروع الآبار التعويضية للمياه الصناعية - تغيير الحالة إلى الإحالة على اللجنة', '2025-11-27'),
(96, 1, 'إضافة مقترح جديد رقم 31: مشروع تركيز وحدة ترشيح ذات ?', '2025-11-27'),
(97, 1, 'إضافة التقرير الرقابي للمقترح رقم 31: ت ر وحدة ترشيح ذات ضغط - تغيير الحالة إلى الإحالة على اللجنة', '2025-11-27'),
(98, 1, 'إضافة مقترح جديد رقم 32: مشروع اقتناء اليات منجمية', '2025-11-27'),
(99, 1, 'إضافة التقرير الرقابي للمقترح رقم 32: ت ر مشروع اقتناء اليات منجمية - تغيير الحالة إلى الإحالة على اللجنة', '2025-11-27'),
(100, 1, 'إضافة مقترح جديد رقم 33: إنجاز دراسة مشروع توزر نفطة', '2025-11-27'),
(101, 1, 'إضافة التقرير الرقابي للمقترح رقم 33: ت ر مشروع توزر نفطة للفسفاط - تغيير الحالة إلى الإحالة على اللجنة', '2025-11-27'),
(102, 1, 'إضافة مقترح جديد رقم 34: مشروع وحدة الإنتاج الجديدة ', '2025-11-27'),
(103, 1, 'إضافة التقرير الرقابي للمقترح رقم 34: ت ر وحدة الإنتاج الجديدة بأم الخشب 2 - تغيير الحالة إلى الإحالة على اللجنة', '2025-11-27'),
(104, 1, 'إضافة مقترح جديد رقم 35: المشروع المندمج للنقل الهي?', '2025-11-27'),
(105, 1, 'إضافة التقرير الرقابي للمقترح رقم 35: ت ر للنقل الهيدروليكي للفسفـاط - تغيير الحالة إلى الإحالة على اللجنة', '2025-11-27'),
(106, 1, 'إضافة مقترح جديد رقم 36: مشروع تركيز محطة فوطوضوئية ', '2025-11-27'),
(107, 1, 'إضافة التقرير الرقابي للمقترح رقم 36: ت ر محطة فوطوضوئية لتوليد الكهرباء - تغيير الحالة إلى الإحالة على اللجنة', '2025-11-27'),
(108, 1, 'إضافة مقترح جديد رقم 37: حول مشروع تصميم و إنجاز وحد?', '2025-11-27'),
(109, 1, 'إضافة مقترح جديد رقم 38: مشروع اقتناء مقتصدات حراري?', '2025-11-27'),
(110, 1, 'إضافة التقرير الرقابي للمقترح رقم 38: ت ر اقتناء مقتصدات حرارية - تغيير الحالة إلى الإحالة على اللجنة', '2025-11-27'),
(111, 1, 'إضافة مقترح جديد رقم 39: مشروع تحويل وحدة الحامض الك', '2025-11-27'),
(112, 1, 'إضافة التقرير الرقابي للمقترح رقم 39: ت ر وحدة الحامض الكبريتي بمعمل المظيلة - تغيير الحالة إلى الإحالة على اللجنة', '2025-11-27'),
(113, 1, 'إضافة مقترح جديد رقم 40: مشروع إنجاز وحدة لصناعة الأ', '2025-11-27'),
(114, 1, 'إضافة التقرير الرقابي للمقترح رقم 40: ت ر وحدة لصناعة الأسمدة المُحبّبة - تغيير الحالة إلى الإحالة على اللجنة', '2025-11-27'),
(115, 1, 'إضافة مقترح جديد رقم 41: مشروع اقتناء مبرّدات الحام?', '2025-11-27'),
(116, 1, 'إضافة التقرير الرقابي للمقترح رقم 41: ت ر  اقتناء مبرّدات الحامض الكبريتي - تغيير الحالة إلى الإحالة على اللجنة', '2025-11-27'),
(117, 1, 'إضافة مقترح جديد رقم 42: مشروع اقتناء محرّكات كهربا?', '2025-11-27'),
(118, 1, 'إضافة مقترح جديد رقم 43: مشروع اقتناء قاطرة نقل عربا', '2025-11-27'),
(119, 1, 'إضافة مقترح جديد رقم 44: مشروع اقتناء وتركيب وتشغيل ', '2025-11-27'),
(120, 1, 'إضافة مقترح جديد رقم 45: مشروع الحدّ من انبعاث ثاني ?', '2025-11-27'),
(121, 1, 'إضافة مقترح جديد رقم 46: مشروع اقتناء عنفة بخارية كا', '2025-11-27'),
(122, 1, 'إضافة مقترح جديد رقم 47: مشروع اقتناء مرجلة مساعدة ل', '2025-11-27'),
(123, 1, 'إضافة مقترح جديد رقم 48: مشروع استبدال مفاعل الحامض ', '2025-11-27'),
(124, 1, 'إضافة مقترح جديد رقم 49: مشروع استكمال بناء مقرّ الإ', '2025-11-27'),
(125, 1, 'إضافة مقترح جديد رقم 50: مشروع إتمام إنجاز بناء المد', '2025-11-27'),
(126, 1, 'إضافة التقرير الرقابي للمقترح رقم 50: ت ر بناء المدرسة الوطنية للمهندسين ببنزرت - تغيير الحالة إلى الإحالة على اللجنة', '2025-11-27'),
(127, 1, 'إضافة مقترح جديد رقم 51: مشروع إستئناف إنجاز مشروع ا', '2025-11-27'),
(128, 1, 'إضافة التقرير الرقابي للمقترح رقم 51: ت ر مشروع المدينة الرقمية بالنحلى - تغيير الحالة إلى الإحالة على اللجنة', '2025-11-27'),
(129, 1, 'إضافة مقترح جديد رقم 52: مشروع إنجاز ميناء المياه ال', '2025-11-27'),
(130, 1, 'إضافة التقرير الرقابي للمقترح رقم 52: ت ر ميناء المياه العميقة ومنطقة الخدمات - تغيير الحالة إلى الإحالة على اللجنة', '2025-11-27'),
(131, 1, 'إضافة مقترح جديد رقم 53: مشروع إنجاز مركز حديث للصيا', '2025-11-27'),
(132, 1, 'إضافة مقترح جديد رقم 54: بخصوص طرق ابرام صفقات مشروع', '2025-11-27'),
(133, 1, 'إضافة التقرير الرقابي للمقترح رقم 54: ت ر طرق ابرام صفقات مشروع بناء المستشفى - تغيير الحالة إلى الإحالة على اللجنة', '2025-11-27'),
(134, 1, 'إضافة مقترح جديد رقم 55: بخصوص طرق ابرام صفقات مشروع', '2025-11-27'),
(135, 1, 'إضافة التقرير الرقابي للمقترح رقم 55: ت ر طرق ابرام صفقات مشروع دعم اسس و هياكل المبني الرئيسي - تغيير الحالة إلى الإحالة على اللجنة', '2025-11-27'),
(136, 1, 'إضافة مقترح جديد رقم 56: مشروع أشغال تهيئة توسعة الم', '2025-11-27'),
(137, 1, 'إضافة التقرير الرقابي للمقترح رقم 56: المنطقة الصناعية الكاف - تغيير الحالة إلى الإحالة على اللجنة', '2025-11-27'),
(138, 1, 'إضافة مقترح جديد رقم 57: مشروع تكملة التهيئة وأشغال ', '2025-11-27'),
(139, 1, 'إضافة التقرير الرقابي للمقترح رقم 57: ت ر  تكملة التهيئة وأشغال إنجاز محطة الضخ الكاف - تغيير الحالة إلى الإحالة على اللجنة', '2025-11-27'),
(140, 1, 'تسجيل الدخول', '2025-11-28'),
(141, 1, 'تسجيل الدخول', '2025-11-28'),
(142, 34, 'تسجيل الخروج', '2025-11-28'),
(143, 1, 'تسجيل الدخول', '2025-11-28'),
(144, 1, 'تسجيل الخروج', '2025-11-28'),
(145, 1, 'تسجيل الدخول', '2025-11-28'),
(146, 1, 'تسجيل الخروج', '2025-11-28'),
(147, 1, 'تسجيل الدخول', '2025-11-28'),
(148, 1, 'تسجيل الدخول', '2025-11-28'),
(149, 34, 'تسجيل الخروج', '2025-11-28'),
(150, 1, 'تسجيل الدخول', '2025-11-28'),
(151, 1, 'تسجيل الخروج', '2025-11-28'),
(152, 1, 'تسجيل الدخول', '2025-11-28'),
(153, 1, 'إضافة مقترح جديد رقم 58: 12', '2025-11-28'),
(154, 1, 'حذف المقترح رقم 58: 12', '2025-11-28'),
(155, 1, 'تسجيل الدخول', '2025-12-01'),
(156, 1, 'تسجيل الخروج', '2025-12-01'),
(157, 1, 'تسجيل الدخول', '2025-12-01'),
(158, 1, 'تسجيل الخروج', '2025-12-01'),
(159, 1, 'تسجيل الدخول', '2025-12-01'),
(160, 34, 'تسجيل الخروج', '2025-12-01'),
(161, 1, 'تسجيل الدخول', '2025-12-01'),
(162, 1, 'تعديل المقترح رقم 56', '2025-12-01'),
(163, 1, 'تعديل المقترح رقم 57', '2025-12-01'),
(164, 34, 'تسجيل الخروج', '2025-12-01'),
(165, 1, 'تسجيل الدخول', '2025-12-01'),
(166, 1, 'إضافة مقترح جديد رقم 59: مشروع تهيئة المنطقة الصناع?', '2025-12-01'),
(167, 1, 'إضافة التقرير الرقابي للمقترح رقم 59: ت ر لمنطقة الصناعية النفيضة - تغيير الحالة إلى الإحالة على اللجنة', '2025-12-01'),
(168, 1, 'إضافة مقترح جديد رقم 60: مشروع تهيئة المنطقة الصناع?', '2025-12-01'),
(169, 1, 'إضافة التقرير الرقابي للمقترح رقم 60: ت ر  المنطقة الصناعية أمّ العظام - تغيير الحالة إلى الإحالة على اللجنة', '2025-12-01'),
(170, 1, 'إضافة مقترح جديد رقم 61: مشروع تهيئة المنطقة الصناع?', '2025-12-01'),
(171, 1, 'إضافة التقرير الرقابي للمقترح رقم 61: ت ر هنشير بوتفاحة 2 - تغيير الحالة إلى الإحالة على اللجنة', '2025-12-01'),
(172, 1, 'إضافة مقترح جديد رقم 62: مشروع تهيئة المنطقة الصناع?', '2025-12-01'),
(173, 1, 'إضافة التقرير الرقابي للمقترح رقم 62: ت ر المنطقة الصناعية بدقة - تغيير الحالة إلى الإحالة على اللجنة', '2025-12-01'),
(174, 1, 'إضافة مقترح جديد رقم 63: مشروع تهيئة المنطقة الصناع?', '2025-12-01'),
(175, 1, 'إضافة التقرير الرقابي للمقترح رقم 63: ت ر الصناعية بسيدي عاشور - تغيير الحالة إلى الإحالة على اللجنة', '2025-12-01'),
(176, 1, 'إضافة مقترح جديد رقم 64: مشروع بناء المستشفي الجهوي ', '2025-12-01'),
(177, 1, 'تسجيل الخروج', '2025-12-01'),
(178, 1, 'تسجيل الدخول', '2025-12-01'),
(179, 1, 'تسجيل الدخول', '2025-12-01'),
(180, 1, 'تعديل المقترح رقم 59', '2025-12-01'),
(181, 1, 'إضافة التقرير الرقابي للمقترح رقم 59: ت ر المنطقة الصناعية النفيضة III - تغيير الحالة إلى الإحالة على اللجنة', '2025-12-01'),
(182, 1, 'تعديل المقترح رقم 60', '2025-12-01'),
(183, 1, 'تعديل المقترح رقم 61', '2025-12-01'),
(184, 1, 'تعديل المقترح رقم 62', '2025-12-01'),
(185, 1, 'تعديل المقترح رقم 63', '2025-12-01'),
(186, 1, 'تعديل المقترح رقم 64', '2025-12-01'),
(187, 1, 'تعديل المقترح رقم 57', '2025-12-01'),
(188, 1, 'حذف المقترح رقم 57: مشروع تكملة التهيئة وأشغال ', '2025-12-01'),
(189, 1, 'حذف المقترح رقم 56: مشروع أشغال تهيئة توسعة الم', '2025-12-01'),
(190, 1, 'حذف المقترح رقم 60: مشروع تهيئة المنطقة الصناع?', '2025-12-01'),
(191, 1, 'حذف المقترح رقم 61: مشروع تهيئة المنطقة الصناع?', '2025-12-01'),
(192, 1, 'حذف المقترح رقم 62: مشروع تهيئة المنطقة الصناع?', '2025-12-01'),
(193, 1, 'حذف المقترح رقم 63: مشروع تهيئة المنطقة الصناع?', '2025-12-01'),
(194, 1, 'حذف المقترح رقم 64: مشروع بناء المستشفي الجهوي ', '2025-12-01'),
(195, 1, 'إضافة مقترح جديد رقم 65: مشروع أشغال تهيئة توسعة الم', '2025-12-01'),
(196, 1, 'إضافة التقرير الرقابي للمقترح رقم 65: ت ر توسعة المنطقة الصناعية الكاف - تغيير الحالة إلى الإحالة على اللجنة', '2025-12-01'),
(197, 1, 'إضافة مقترح جديد رقم 66: مشروع تهيئة المنطقة الصناع?', '2025-12-01'),
(198, 1, 'إضافة التقرير الرقابي للمقترح رقم 66: ت ر المنطقة الصناعية أمّ العظام - تغيير الحالة إلى الإحالة على اللجنة', '2025-12-01'),
(199, 1, 'إضافة مقترح جديد رقم 67: مشروع تهيئة المنطقة الصناع?', '2025-12-01'),
(200, 1, 'إضافة التقرير الرقابي للمقترح رقم 67: ت ر هنشير بوتفاحة 2 - تغيير الحالة إلى الإحالة على اللجنة', '2025-12-01'),
(201, 1, 'إضافة مقترح جديد رقم 68: مشروع تهيئة المنطقة الصناع?', '2025-12-01'),
(202, 1, 'إضافة التقرير الرقابي للمقترح رقم 68: ت ر المنطقة الصناعية بدقة - تغيير الحالة إلى الإحالة على اللجنة', '2025-12-01'),
(203, 1, 'إضافة مقترح جديد رقم 69: مشروع تهيئة المنطقة الصناع?', '2025-12-01'),
(204, 1, 'إضافة التقرير الرقابي للمقترح رقم 69: ت ر المنطقة الصناعية بسيدي عاشور - تغيير الحالة إلى الإحالة على اللجنة', '2025-12-01'),
(205, 1, 'إضافة مقترح جديد رقم 70: مشروع تكملة التهيئة وأشغال ', '2025-12-01'),
(206, 1, 'إضافة التقرير الرقابي للمقترح رقم 70: ت ر محطة الضخ الكاف وادي الرمل - تغيير الحالة إلى الإحالة على اللجنة', '2025-12-01'),
(207, 1, 'إضافة مقترح جديد رقم 71: مشروع بناء المستشفي الجهوي ', '2025-12-01'),
(208, 1, 'تسجيل الدخول', '2025-12-02'),
(209, 1, 'حذف المقترح رقم 54: بخصوص طرق ابرام صفقات مشروع', '2025-12-02'),
(210, 1, 'حذف المقترح رقم 55: بخصوص طرق ابرام صفقات مشروع', '2025-12-02'),
(211, 1, 'تسجيل الدخول', '2025-12-03'),
(212, 1, 'تسجيل الدخول', '2025-12-03'),
(213, 1, 'تسجيل الدخول', '2025-12-04'),
(214, 1, 'تسجيل الخروج', '2025-12-04'),
(215, 1, 'تسجيل الدخول', '2025-12-04'),
(216, 1, 'تسجيل الخروج', '2025-12-04'),
(217, 1, 'تسجيل الدخول', '2025-12-04'),
(218, 1, 'تسجيل الخروج', '2025-12-04'),
(219, 1, 'تسجيل الدخول', '2025-12-04'),
(220, 1, 'تسجيل الدخول', '2025-12-05'),
(221, 1, 'تسجيل الدخول', '2025-12-05'),
(222, 1, 'تسجيل الخروج', '2025-12-05'),
(223, 1, 'تسجيل الدخول', '2025-12-05'),
(224, 1, 'تسجيل الدخول', '2025-12-05'),
(225, 1, 'تسجيل الدخول', '2025-12-05'),
(226, 1, 'تسجيل الدخول', '2025-12-05'),
(227, 1, 'إضافة جلسة رقم 1 بتاريخ 2025-01-15 - المشاريع المعروضة: 4 | 1. حول مشروع تهيئة الملعب الأولمبي بالمنزه. (إدراج نهائي) | 2. مشروع بناء المستشفى الجهوي ببئر على بن خليفة بصفاقس (إدراج نهائي) | 3. مشروع دعم اسس و هياكل المبني الرئيسي بالمستشفي الجامعي الهادي شاكر بصفاقس. (إدراج نهائي) | 4. مشروع منصة أسواق الإنتاج الوسط. (إدراج نهائي) | تم رفع محضر الجلسة', '2025-12-05'),
(228, 1, 'تسجيل الدخول', '2025-12-08'),
(229, 1, 'إضافة قرار اللجنة للجلسة رقم 2 - قرار اللجنة جلسة عدد 1', '2025-12-08'),
(230, 1, 'إضافة قرار اللجنة للجلسة رقم 3 - قرار اللجنة جلسة عدد 4', '2025-12-08'),
(231, 1, 'إضافة قرار اللجنة للجلسة رقم 4 - قرار اللجنة جلسة عدد 5', '2025-12-08'),
(232, 1, 'تسجيل الدخول', '2025-12-08'),
(233, 1, 'تسجيل الدخول', '2025-12-08'),
(234, 1, 'حذف الجلسة رقم 3', '2025-12-08'),
(235, 1, 'حذف الجلسة رقم 5', '2025-12-08'),
(236, 1, 'حذف الجلسة رقم 4', '2025-12-08'),
(237, 1, 'حذف الجلسة رقم 7', '2025-12-08'),
(238, 1, 'تسجيل الدخول', '2025-12-10'),
(239, 1, 'تسجيل الدخول', '2025-12-11'),
(240, 1, 'تسجيل الدخول', '2025-12-16'),
(241, 1, 'تسجيل الخروج', '2025-12-16'),
(242, 1, 'تسجيل الدخول', '2025-12-29'),
(243, 1, 'تسجيل الخروج', '2025-12-29'),
(244, 1, 'تسجيل الدخول', '2025-12-29'),
(245, 1, 'تسجيل الدخول', '2025-12-30'),
(246, 1, 'تسجيل الدخول', '2026-01-05'),
(247, 1, 'تعديل الجلسة رقم 13 بتاريخ 2025-02-27', '2026-01-05'),
(248, 1, 'تعديل الجلسة رقم 3 بتاريخ 2025-02-27', '2026-01-05'),
(249, 1, 'تسجيل الدخول', '2026-01-09'),
(250, 34, 'تسجيل الخروج', '2026-01-09'),
(251, 1, 'تسجيل الدخول', '2026-01-09'),
(252, 34, 'تسجيل الخروج', '2026-01-09'),
(253, 1, 'تسجيل الدخول', '2026-01-09'),
(254, 1, 'تسجيل الخروج', '2026-01-09'),
(255, 1, 'تسجيل الدخول', '2026-01-09'),
(256, 34, 'تسجيل الخروج', '2026-01-09'),
(257, 1, 'تسجيل الدخول', '2026-01-09'),
(258, 1, 'إضافة التقرير الرقابي للمقترح رقم 71: التقرير الرقابي مشروع مستشفى تالة. - تغيير الحالة إلى الإحالة على اللجنة', '2026-01-09'),
(259, 1, 'إضافة ملف (مراسلة) للمقترح رقم 12: مذكرة تفسيرية حول تقييم نتائج الإستشارة', '2026-01-09'),
(260, 1, 'تسجيل الدخول', '2026-01-12'),
(261, 1, 'حذف الجلسة رقم 7', '2026-01-12'),
(262, 1, 'حذف الجلسة رقم 6', '2026-01-12'),
(263, 1, 'حذف الجلسة رقم 5', '2026-01-12'),
(264, 1, 'حذف الجلسة رقم 4', '2026-01-12'),
(265, 1, 'حذف الجلسة رقم 3', '2026-01-12'),
(266, 1, 'حذف الجلسة رقم 1', '2026-01-12'),
(267, 1, 'إضافة قرار اللجنة للجلسة رقم 11 - قرار اللجنة جلسة عدد 1', '2026-01-12'),
(268, 1, 'إضافة قرار اللجنة للجلسة رقم 12 - قرار اللجنة جلسة عدد 3', '2026-01-12'),
(269, 1, 'إضافة قرار اللجنة للجلسة رقم 13 - قرار اللجنة جلسة عدد 4', '2026-01-12'),
(270, 1, 'إضافة قرار اللجنة للجلسة رقم 15 - قرار اللجنة جلسة عدد 6', '2026-01-12'),
(271, 1, 'تسجيل الدخول', '2026-01-14'),
(272, 1, 'تسجيل الخروج', '2026-01-14'),
(273, 1, 'تسجيل الدخول', '2026-01-14'),
(274, 1, 'تسجيل الدخول', '2026-01-15'),
(275, 1, 'إضافة ملف (مراسلة) للمقترح رقم 7: مراسلة وزارة التجارة متابعة إنجاز مشروع منصة أسواق الإنتاج بالوسط بتاريخ 15 جانفي 2026', '2026-01-15'),
(276, 1, 'تسجيل الدخول', '2026-01-16'),
(277, 1, 'تسجيل الدخول', '2026-01-16'),
(278, 1, 'تسجيل الدخول', '2026-01-16'),
(279, 1, 'إضافة ملف (مراسلة) للمقترح رقم 11: مذكرة للسيدة رئيسة الحكومة لادراج مشروع المستشفي الجهوي بنفطة ب بالجلسة عدد 7', '2026-01-16'),
(280, 1, 'تسجيل الخروج', '2026-01-16'),
(281, 1, 'تسجيل الدخول', '2026-01-16'),
(282, 1, 'تسجيل الخروج', '2026-01-16'),
(283, 1, 'تسجيل الدخول', '2026-01-16'),
(284, 1, 'إضافة ملف (مراسلة) للمقترح رقم 11: مذكرة للسيدة رئيسة الحكومة لادراج مشروع المستشفي الجهوي بنفطة بالجلسة عدد 7', '2026-01-16'),
(285, 34, 'تسجيل الخروج', '2026-01-16'),
(286, 1, 'تسجيل الدخول', '2026-01-16'),
(287, 1, 'تسجيل الدخول', '2026-01-19'),
(288, 1, 'تسجيل الدخول', '2026-01-19'),
(289, 1, 'تسجيل الدخول', '2026-01-21'),
(290, 1, 'تسجيل الدخول', '2026-01-21'),
(291, 1, 'إضافة صفقة رقم 1 للمشروع رقم 50 مع 1 صفقات', '2026-01-21'),
(292, 1, 'تسجيل الدخول', '2026-01-21'),
(293, 1, 'تسجيل الدخول', '2026-01-21'),
(294, 1, 'تسجيل الدخول', '2026-01-21'),
(295, 1, 'تسجيل الدخول', '2026-01-23'),
(296, 1, 'تسجيل الدخول', '2026-01-23'),
(297, 1, 'إضافة صفقة رقم 2 للمشروع رقم 10 مع 2 صفقات', '2026-01-23'),
(298, 1, 'تسجيل الدخول', '2026-01-23'),
(299, 1, 'إضافة صفقة رقم 3 للمشروع رقم 50 مع 1 صفقات', '2026-01-23'),
(300, 1, 'تسجيل الدخول', '2026-01-30'),
(301, 1, 'حذف الصفقة رقم 2', '2026-01-30'),
(302, 1, 'تعديل الصفقة رقم 3 مع 1 أقساط', '2026-01-30'),
(303, 1, 'تعديل الصفقة رقم 3 مع 5 أقساط', '2026-01-30'),
(304, 1, 'تسجيل الدخول', '2026-01-30'),
(305, 1, 'تسجيل الدخول', '2026-01-30'),
(306, 1, 'تعديل الجلسة رقم 7 بتاريخ 2025-12-02', '2026-01-30'),
(307, 1, 'إضافة ملف (مقترح إسناد) للمقترح رقم 12: مقترح إسناد مشروع الملعب الأولمبي بالمنزه', '2026-01-30'),
(308, 1, 'إضافة ملف (مقترح إسناد) للمقترح رقم 12: مقترح إسناد مشروع الملعب الأولمبي بالمنزه', '2026-01-30'),
(309, 1, 'تسجيل الخروج', '2026-01-30'),
(310, 1, 'تسجيل الدخول', '2026-01-30'),
(311, 1, 'تعديل المقترح رقم 20', '2026-01-30'),
(312, 1, 'إضافة ملف (14) للمقترح رقم 12: مقترح إسناد مشروع الملعب الأولمبي بالمنزه', '2026-01-30'),
(313, 1, 'تعديل المقترح رقم 21', '2026-01-30'),
(314, 1, 'تعديل الصفقة رقم 3 مع 5 أقساط', '2026-01-30'),
(315, 1, 'إضافة صفقة رقم 4 للمشروع رقم 50 مع 6 صفقات', '2026-01-30'),
(316, 1, 'حذف المقترح رقم 71: مشروع بناء المستشفي الجهوي ', '2026-01-30'),
(317, 1, 'إضافة مقترح جديد رقم 72: مشروع بناء المستشفي الجهوي ', '2026-01-30'),
(318, 1, 'تسجيل الدخول', '2026-02-02'),
(319, 1, 'حذف المقترح رقم 31: مشروع تركيز وحدة ترشيح ذات ?', '2026-02-02'),
(320, 1, 'حذف المقترح رقم 30: مشروع الآبار التعويضية للم?', '2026-02-02'),
(321, 1, 'حذف الصفقة رقم 3', '2026-02-02'),
(322, 1, 'حذف الصفقة رقم 4', '2026-02-02'),
(323, 1, 'حذف الجلسة رقم 8', '2026-02-02'),
(324, 1, 'حذف الجلسة رقم 7', '2026-02-02'),
(325, 1, 'حذف الجلسة رقم 6', '2026-02-02'),
(326, 1, 'حذف الجلسة رقم 5', '2026-02-02'),
(327, 1, 'حذف الجلسة رقم 4', '2026-02-02'),
(328, 1, 'حذف الجلسة رقم 2', '2026-02-02'),
(329, 1, 'حذف الجلسة رقم 1', '2026-02-02'),
(330, 1, 'حذف المقترح رقم 72: مشروع بناء المستشفي الجهوي ', '2026-02-02'),
(331, 1, 'حذف المقترح رقم 70: مشروع تكملة التهيئة وأشغال ', '2026-02-02'),
(332, 1, 'إضافة مقترح جديد رقم 73: مشروع اقتناء 30 عربة مترو لف?', '2026-02-02'),
(333, 1, 'إضافة التقرير الرقابي للمقترح رقم 73: التقرير الرقابي لمشروع اقتناء 30 عربة ميترو - تغيير الحالة إلى الإحالة على اللجنة', '2026-02-02'),
(334, 1, 'إضافة مقترح جديد رقم 74: مشروع منصة أسواق الوسط.', '2026-02-02'),
(335, 1, 'إضافة التقرير الرقابي للمقترح رقم 74: التقرير الرقابي لمنصة أسواق الوسط - تغيير الحالة إلى الإحالة على اللجنة', '2026-02-02'),
(336, 1, 'إضافة مقترح جديد رقم 75: مشروع بناء المستشفى الجهوي ', '2026-02-02'),
(337, 1, 'إضافة التقرير الرقابي للمقترح رقم 75: التقرير الرقابي مشروع المستشفي الجهوي بئر على بن خليفة - تغيير الحالة إلى الإحالة على اللجنة', '2026-02-02'),
(338, 1, 'إضافة مقترح جديد رقم 76: مشروع دعم اسس و هياكل المبن?', '2026-02-02'),
(339, 1, 'إضافة التقرير الرقابي للمقترح رقم 76: التقرير الرقابي المستشفي الجامعي الهادي شاكر بصفاقس - تغيير الحالة إلى الإحالة على اللجنة', '2026-02-02'),
(340, 1, 'تسجيل الخروج', '2026-02-02'),
(341, 1, 'تسجيل الدخول', '2026-02-02'),
(342, 1, 'إضافة مقترح جديد رقم 77: مشروع بناء المستشفى الجهوي ', '2026-02-02'),
(343, 1, 'إضافة التقرير الرقابي للمقترح رقم 77: التقرير الرقابي مستشفى سبيطلة - تغيير الحالة إلى الإحالة على اللجنة', '2026-02-02'),
(344, 1, 'إضافة مقترح جديد رقم 78: مشروع بناء المستشفى الجهوي ', '2026-02-02'),
(345, 1, 'إضافة التقرير الرقابي للمقترح رقم 78: التقرير الرقابي لمشروع مستشفي نفطة - تغيير الحالة إلى الإحالة على اللجنة', '2026-02-02'),
(346, 1, 'إضافة مقترح جديد رقم 79: مشروع تهيئة الملعب الأولمب?', '2026-02-02'),
(347, 1, 'إضافة التقرير الرقابي للمقترح رقم 79: التقرير الرقابي للملعب الأولمبي بالمنزه - تغيير الحالة إلى الإحالة على اللجنة', '2026-02-02'),
(348, 1, 'إضافة مقترح جديد رقم 80: مشروع بناء الموارد التكنول?', '2026-02-02'),
(349, 1, 'إضافة مقترح جديد رقم 81: مشروع مدينة الأغالبة الطبي?', '2026-02-02'),
(350, 1, 'إضافة التقرير الرقابي للمقترح رقم 81: التقرير الرقابي ممشروع مدينة الأغالبة - تغيير الحالة إلى الإحالة على اللجنة', '2026-02-02'),
(351, 1, 'إضافة التقرير الرقابي للمقترح رقم 80: التقرير الرقابي ناء الموارد التكنولوجية بالقطب التكنولوجي بسيدي ثابت - تغيير الحالة إلى الإحالة على اللجنة', '2026-02-02'),
(352, 1, 'إضافة مقترح جديد رقم 82: مشروع اقتناء أبراج امتصاص ا', '2026-02-02'),
(353, 1, 'إضافة التقرير الرقابي للمقترح رقم 82: التقرير الرقابي مشروع اقتناء أبراج امتصاص الحامض الكبريتي - تغيير الحالة إلى الإحالة على اللجنة', '2026-02-02'),
(354, 1, 'إضافة مقترح جديد رقم 83: مشروع اقتناء وحدة تحلية الم', '2026-02-02'),
(355, 1, 'إضافة التقرير الرقابي للمقترح رقم 83: التقرير الرقابي مقترح إدراج مشروع اقتناء وحدة تحلية المياه بالتناضح العكسي بمعمل المظيلة 1. - تغيير الحالة إلى الإحالة على اللجنة', '2026-02-02'),
(356, 1, 'إضافة مقترح جديد رقم 84: مشروع إنجاز وحدة تحلية المي', '2026-02-02'),
(357, 1, 'إضافة التقرير الرقابي للمقترح رقم 84: التقرير الرقابي مشروع إنجاز وحدة تحلية المياه بالتناضح العكسي بمعمل الحامض الفسفوري بقابس.pdf - تغيير الحالة إلى الإحالة على اللجنة', '2026-02-02'),
(358, 1, 'إضافة مقترح جديد رقم 85: مشروع اقتناء عنفتين بخاريت?', '2026-02-02'),
(359, 1, 'إضافة التقرير الرقابي للمقترح رقم 85: التقرير الرقابي مقترح ادراج مشروع اقتناء عنفتين بخاريتيْن كاملتيْن لوحدتيْ الحامض الكبريتي لمعمل الصخيرة. - تغيير الحالة إلى الإحالة على اللجنة', '2026-02-02'),
(360, 1, 'إضافة مقترح جديد رقم 86: مشروع اقتناء مرشّحيْن للحا?', '2026-02-02'),
(361, 1, 'إضافة التقرير الرقابي للمقترح رقم 86: التقرير الرقابي مشروع اقتناء مرشّحيْن للحامض الفسفوري بمعمل الصخيرة.pdf - تغيير الحالة إلى الإحالة على اللجنة', '2026-02-02'),
(362, 1, 'إضافة مقترح جديد رقم 87: مشروع تحويل وحدة الحامض الك', '2026-02-02'),
(363, 1, 'إضافة التقرير الرقابي للمقترح رقم 87: التقرير الرقابي  تحويل وحدة الحامض الكبريتي بمعمل الحامض الفسفوري بقابس - تغيير الحالة إلى الإحالة على اللجنة', '2026-02-02'),
(364, 1, 'إضافة مقترح جديد رقم 88: مشروع تحويل وحدات الحامض ال', '2026-02-02'),
(365, 1, 'إضافة التقرير الرقابي للمقترح رقم 88: التقرير الرقابي وحدات الحامض الكبريتي بمعمل الصخيرة - تغيير الحالة إلى الإحالة على اللجنة', '2026-02-02'),
(366, 1, 'إضافة مقترح جديد رقم 89: مشروع تهيئة مصب لتكديس الفس', '2026-02-02'),
(367, 1, 'إضافة التقرير الرقابي للمقترح رقم 89: التقرير الرقابي مصب لتكديس الفسفوجيبس بالطريقة المبلّلة بمعمل الصخيرة - تغيير الحالة إلى الإحالة على اللجنة', '2026-02-02'),
(368, 1, 'إضافة مقترح جديد رقم 90: مشروع طرق تخزين و نقل الفسف?', '2026-02-02'),
(369, 1, 'إضافة التقرير الرقابي للمقترح رقم 90: التقرير الرقابي طرق تخزين و نقل الفسفوجيبس من معامل المجمع الكيميائي التونسي بقفصة - تغيير الحالة إلى الإحالة على اللجنة', '2026-02-02'),
(370, 1, 'إضافة مقترح جديد رقم 91: مشروع إنجاز وحدة لصناعة الأ', '2026-02-02'),
(371, 1, 'إضافة التقرير الرقابي للمقترح رقم 91: التقرير الرقابي وحدة لصناعة الأسمدة المُحبّبة « SSP MCP » بالصخيرة - تغيير الحالة إلى الإحالة على اللجنة', '2026-02-02'),
(372, 1, 'إضافة ملف (14) للمقترح رقم 73: مقترح إسناد صفقة اقتناء 30 عربة ميترو', '2026-02-02'),
(373, 1, 'تسجيل الدخول', '2026-02-03'),
(374, 1, 'تسجيل الدخول', '2026-02-03'),
(375, 1, 'إضافة مقترح جديد رقم 92: مشروع تجديد وحدات في سلسلة ?', '2026-02-03'),
(376, 1, 'إضافة ملف (13) للمقترح رقم 92: التقرير الرقابي تجديد وحدات في سلسلة إنتاج ثلاثي الفسفاط الرّفيع بمعمل المظيلة', '2026-02-03'),
(377, 1, 'إضافة مقترح جديد رقم 93: إنجاز مشروع نموذجي لإنتاج ا', '2026-02-03'),
(378, 1, 'إضافة مقترح جديد رقم 94: مشروع وحدة الحامض الفسفوري ', '2026-02-03'),
(379, 1, 'إضافة ملف (13) للمقترح رقم 94: التقرير الرقابي لمشروع وحدة الحامض الفسفوري المُنقّى بالصخيرة', '2026-02-03'),
(380, 1, 'إضافة ملف (13) للمقترح رقم 94: التقرير الرقابي لمشروع وحدة الحامض الفسفوري المُنقّى بالصخيرة', '2026-02-03'),
(381, 1, 'إضافة ملف (13) للمقترح رقم 93: التقرير الرقابي إنجاز مشروع نموذجي لإنتاج الأمونيا الخضراء بمعمل الأمونيترات بقابس', '2026-02-03'),
(382, 1, 'إضافة مقترح جديد رقم 95: مشروع استكمال مشاريع القسط ', '2026-02-03'),
(383, 1, 'إضافة ملف (13) للمقترح رقم 95: التقرير الرقابي لمشروع استكمال مشاريع القسط الثالث والملاحق لمعمل المظيلة 2', '2026-02-03'),
(384, 1, 'إضافة مقترح جديد رقم 96: مشروع مغسلة جديدة بمنطقة أم', '2026-02-03'),
(385, 1, 'إضافة ملف (13) للمقترح رقم 96: التقرير الرقابي لمشروع مغسلة جديدة بمنطقة أم الخشب مدينة المتلوي', '2026-02-03'),
(386, 1, 'تعديل المقترح رقم 96', '2026-02-03'),
(387, 1, 'تعديل المقترح رقم 96', '2026-02-03'),
(388, 1, 'إضافة مقترح جديد رقم 97: مشروع الآبار التعويضية للم?', '2026-02-03'),
(389, 1, 'إضافة ملف (13) للمقترح رقم 97: التقرير الرقابي لمشروع الآبار التعويضية للمياه الصناعية.pdf', '2026-02-03'),
(390, 1, 'تعديل المقترح رقم 95', '2026-02-03'),
(391, 1, 'تسجيل الدخول', '2026-02-04'),
(392, 1, 'تسجيل الدخول', '2026-02-09'),
(393, 1, 'تسجيل الخروج', '2026-02-09'),
(394, 1, 'تسجيل الدخول', '2026-02-09'),
(395, 1, 'تعديل المقترح رقم 96', '2026-02-09'),
(396, 1, 'تعديل المقترح رقم 95', '2026-02-09'),
(397, 1, 'إضافة مقترح جديد رقم 98: مشروع تركيز وحدة ترشيح ذات ?', '2026-02-09'),
(398, 1, 'إضافة ملف (13) للمقترح رقم 98: التقرير الرقابي مشروع تركيز وحدة ترشيح ذات ضغط عالي بمغسلة كاف الدور.', '2026-02-09'),
(399, 1, 'إضافة مقترح جديد رقم 99: مشروع اقتناء اليات منجمية', '2026-02-09'),
(400, 1, 'إضافة ملف (13) للمقترح رقم 99: التقرير الرقابي مشروع اقتناء اليات منجمية', '2026-02-09'),
(401, 1, 'تعديل المقترح رقم 99', '2026-02-09'),
(402, 1, 'إضافة مقترح جديد رقم 100: إنجاز دراسة مشروع توزر نفطة', '2026-02-09'),
(403, 1, 'إضافة ملف (13) للمقترح رقم 100: التقرير الرقابي إنجاز دراسة مشروع توزر نفطة للفسفاط', '2026-02-09'),
(404, 1, 'إضافة مقترح جديد رقم 101: مشروع وحدة الإنتاج الجديدة ', '2026-02-09'),
(405, 1, 'تعديل المقترح رقم 101', '2026-02-09'),
(406, 1, 'إضافة ملف (13) للمقترح رقم 101: التقرير الرقابي التقرير الرقابي', '2026-02-09'),
(407, 1, 'إضافة مقترح جديد رقم 102: المشروع المندمج للنقل الهي?', '2026-02-09'),
(408, 1, 'إضافة ملف (13) للمقترح رقم 102: التقرير الرقابي المشروع المندمج للنقل الهيدروليكي للفسفـاط', '2026-02-09'),
(409, 1, 'إضافة مقترح جديد رقم 103: مشروع تركيز محطة فوطوضوئية ', '2026-02-09'),
(410, 1, 'إضافة ملف (13) للمقترح رقم 103: التقرير الرقابي مشروع تركيز محطة فوطوضوئية لتوليد الكهرباء بأم الخشب', '2026-02-09'),
(411, 1, 'إضافة مقترح جديد رقم 104: مشروع تصميم و إنجاز وحدة لت?', '2026-02-09'),
(412, 1, 'إضافة ملف (13) للمقترح رقم 104: التقرير الرقابي مشروع تصميم و إنجاز وحدة لتصنيع الأكياس البلاستيكة و طباعاتها', '2026-02-09'),
(413, 1, 'إضافة مقترح جديد رقم 105: مشروع اقتناء مقتصدات حراري?', '2026-02-09'),
(414, 1, 'إضافة ملف (13) للمقترح رقم 105: التقرير الرقابي مشروع اقتناء مقتصدات حرارية', '2026-02-09'),
(415, 1, 'إضافة مقترح جديد رقم 106: مشروع تحويل وحدة الحامض الك', '2026-02-09'),
(416, 1, 'إضافة ملف (13) للمقترح رقم 106: التقرير الرقابي مشروع تحويل وحدة الحامض الكبريتي', '2026-02-09'),
(417, 1, 'تعديل المقترح رقم 104', '2026-02-09'),
(418, 1, 'تعديل المقترح رقم 105', '2026-02-09'),
(419, 1, 'تعديل المقترح رقم 106', '2026-02-09'),
(420, 1, 'تعديل المقترح رقم 103', '2026-02-09'),
(421, 1, 'تعديل المقترح رقم 101', '2026-02-09'),
(422, 1, 'إضافة مقترح جديد رقم 107: مشروع إنجاز وحدة لصناعة الأ', '2026-02-09'),
(423, 1, 'إضافة ملف (13) للمقترح رقم 107: التقرير الرقابي مشروع إنجاز وحدة لصناعة الأسمدة المُحبّبة SSP-mcp بالصخيرة', '2026-02-09'),
(424, 1, 'إضافة مقترح جديد رقم 108: مشروع اقتناء مبرّدات الحام?', '2026-02-09'),
(425, 1, 'إضافة ملف (13) للمقترح رقم 108: التقرير الرقابي مشروع اقتناء مبرّدات الحامض الكبريتي', '2026-02-09'),
(426, 1, 'إضافة مقترح جديد رقم 109: مشروع اقتناء محرّكات كهربا?', '2026-02-09'),
(427, 1, 'إضافة ملف (13) للمقترح رقم 109: التقرير الرقابي مشروع اقتناء محرّكات كهربائية ذات ضغط متوسّط', '2026-02-09'),
(428, 1, 'تسجيل الخروج', '2026-02-09'),
(429, 1, 'تسجيل الدخول', '2026-02-09'),
(430, 1, 'إضافة مقترح جديد رقم 110: مشروع اقتناء قاطرة نقل عربا', '2026-02-09'),
(431, 1, 'إضافة ملف (13) للمقترح رقم 110: التقرير الرقابي مشروع اقتناء قاطرة نقل عربات الفسفاط بمعمل المظيلة 1', '2026-02-09'),
(432, 1, 'إضافة مقترح جديد رقم 111: مشروع اقتناء وتركيب وتشغيل ', '2026-02-09'),
(433, 1, 'إضافة ملف (13) للمقترح رقم 111: التقرير الرقابي مشروع اقتناء وتركيب وتشغيل وحدة ذاتية', '2026-02-09'),
(434, 1, 'تعديل المقترح رقم 106', '2026-02-09'),
(435, 1, 'تعديل المقترح رقم 108', '2026-02-09'),
(436, 1, 'تعديل المقترح رقم 109', '2026-02-09'),
(437, 1, 'تعديل المقترح رقم 110', '2026-02-09'),
(438, 1, 'تعديل المقترح رقم 107', '2026-02-09'),
(439, 1, 'تعديل المقترح رقم 105', '2026-02-09'),
(440, 1, 'تعديل المقترح رقم 105', '2026-02-09'),
(441, 1, 'تعديل المقترح رقم 106', '2026-02-09'),
(442, 1, 'تعديل المقترح رقم 107', '2026-02-09'),
(443, 1, 'تعديل المقترح رقم 108', '2026-02-09'),
(444, 1, 'تعديل المقترح رقم 109', '2026-02-09'),
(445, 1, 'تعديل المقترح رقم 110', '2026-02-09'),
(446, 1, 'تعديل المقترح رقم 111', '2026-02-09'),
(447, 1, 'إضافة مقترح جديد رقم 112: مشروع الحدّ من انبعاث ثاني ?', '2026-02-09'),
(448, 1, 'إضافة ملف (13) للمقترح رقم 112: التقرير الرقابي مشروع الحدّ من انبعاث ثاني أكسيد الكبريت «SO2»', '2026-02-09'),
(449, 1, 'إضافة مقترح جديد رقم 113: مشروع اقتناء عنفة بخارية كا', '2026-02-09'),
(450, 1, 'إضافة ملف (13) للمقترح رقم 113: التقرير الرقابي مشروع اقتناء عنفة بخارية كاملة', '2026-02-09'),
(451, 1, 'إضافة مقترح جديد رقم 114: مشروع اقتناء مرجلة مساعدة ل', '2026-02-09'),
(452, 1, 'إضافة ملف (13) للمقترح رقم 114: التقرير الرقابي  مشروع اقتناء مرجلة مساعدة.', '2026-02-09'),
(453, 1, 'إضافة مقترح جديد رقم 115: مشروع استبدال مفاعل الحامض ', '2026-02-09'),
(454, 1, 'إضافة ملف (13) للمقترح رقم 115: التقرير الرقابيمشروع استبدال مفاعل الحامض الفسفوري 3510', '2026-02-09'),
(455, 1, 'إضافة مقترح جديد رقم 116: مشروع استكمال بناء مقرّ الإ', '2026-02-09'),
(456, 1, 'إضافة ملف (13) للمقترح رقم 116: التقرير الرقابي مشروع استكمال بناء مقرّ الإدارة الجهوية للمجمع الكيميائي التونسي بقابس', '2026-02-09'),
(457, 1, 'إضافة مقترح جديد رقم 117: مشروع إتمام إنجاز بناء المد', '2026-02-09'),
(458, 1, 'إضافة ملف (13) للمقترح رقم 117: التقرير الرقابي مشروع إتمام إنجاز بناء المدرسة الوطنية للمهندسين ببنزرت.', '2026-02-09'),
(459, 1, 'إضافة مقترح جديد رقم 118: مشروع إستئناف إنجاز مشروع ا', '2026-02-09'),
(460, 1, 'إضافة ملف (13) للمقترح رقم 118: التقرير الرقابي مشروع المدينة الرقمية بالنحلى.', '2026-02-09'),
(461, 1, 'إضافة مقترح جديد رقم 119: مشروع إنجاز ميناء المياه ال', '2026-02-09'),
(462, 1, 'إضافة ملف (13) للمقترح رقم 119: التقرير الرقابي مشروع إنجاز ميناء المياه العميقة', '2026-02-09'),
(463, 1, 'إضافة مقترح جديد رقم 120: مشروع إنجاز مركز حديث للصيا', '2026-02-09'),
(464, 1, 'إضافة ملف (13) للمقترح رقم 120: التقرير الرقابي التقرير الرقابي مشروع إنجاز مركز حديث للصيانة و تجديد 20 عربة', '2026-02-09'),
(465, 1, 'إضافة مقترح جديد رقم 121: مشروع أشغال تهيئة توسعة الم', '2026-02-09'),
(466, 1, 'إضافة ملف (13) للمقترح رقم 121: التقرير الرقابي مشروع أشغال تهيئة توسعة المنطقة الصناعية الكاف', '2026-02-09'),
(467, 1, 'إضافة مقترح جديد رقم 122: مشروع تكملة التهيئة وأشغال ', '2026-02-09'),
(468, 1, 'إضافة ملف (13) للمقترح رقم 122: التقرير الرقابي مشروع تكملة التهيئة وأشغال إنجاز محطة الضخ الكاف وادي الرمل', '2026-02-09'),
(469, 1, 'إضافة مقترح جديد رقم 123: مشروع تهيئة المنطقة الصناع?', '2026-02-09'),
(470, 1, 'إضافة ملف (13) للمقترح رقم 123: التقرير الرقابي مشروع تهيئة المنطقة الصناعية النفيضة III', '2026-02-09'),
(471, 1, 'إضافة مقترح جديد رقم 124: مشروع تهيئة المنطقة الصناع?', '2026-02-09'),
(472, 1, 'إضافة ملف (13) للمقترح رقم 124: التقرير الرقابي مشروع تهيئة المنطقة الصناعية أمّ العظام.', '2026-02-09'),
(473, 1, 'إضافة مقترح جديد رقم 125: مشروع تهيئة المنطقة الصناع?', '2026-02-09'),
(474, 1, 'إضافة ملف (13) للمقترح رقم 125: التقرير الرقابي مشروع تهيئة المنطقة الصناعية هنشير بوتفاحة 2', '2026-02-09'),
(475, 1, 'إضافة مقترح جديد رقم 126: مشروع تهيئة المنطقة الصناع?', '2026-02-09'),
(476, 1, 'إضافة ملف (13) للمقترح رقم 126: التقرير الرقابي مشروع تهيئة المنطقة الصناعية بدقة', '2026-02-09'),
(477, 1, 'إضافة مقترح جديد رقم 127: مشروع تهيئة المنطقة الصناع?', '2026-02-09'),
(478, 1, 'إضافة ملف (13) للمقترح رقم 127: التقرير الرقابي مشروع تهيئة المنطقة الصناعية بسيدي عاشور', '2026-02-09'),
(479, 1, 'إضافة مقترح جديد رقم 128: مشروع بناء المستشفي الجهوي ', '2026-02-09'),
(480, 1, 'إضافة ملف (13) للمقترح رقم 128: التقرير الرقابي مشروع بناء المستشفي الجهوي صنف ب بتالة من ولاية القصرين.', '2026-02-09'),
(481, 1, 'إضافة مقترح جديد رقم 129: معالجة الإشكاليات المتعلقة', '2026-02-09'),
(482, 1, 'إضافة ملف (13) للمقترح رقم 129: التقرير الرقابي معالجة الإشكاليات المتعلقة بمشاريع إزالة التلوث.', '2026-02-09'),
(483, 1, 'إضافة مقترح جديد رقم 130: مشروع وحدة معالجة و تثمين ا?', '2026-02-09'),
(484, 1, 'إضافة ملف (13) للمقترح رقم 130: التقرير الرقابي مشروع وحدة معالجة و تثمين النفايات المنزلية و المشابهة', '2026-02-09'),
(485, 1, 'إضافة مقترح جديد رقم 131: مشروع وحدة معالجة و تثمين ا?', '2026-02-09'),
(486, 1, 'إضافة ملف (13) للمقترح رقم 131: التقرير الرقابي مشروع وحدة معالجة و تثمين النفايات المنزلية و المشابهة بجربة', '2026-02-09'),
(487, 1, 'تعديل الجلسة رقم 1 بتاريخ 2025-01-15', '2026-02-09'),
(488, 1, 'إضافة قرار اللجنة للجلسة رقم 18 - قرار اللجنة جلسة عدد 1', '2026-02-09'),
(489, 1, 'إضافة قرار اللجنة للجلسة رقم 19 - قرار اللجنة جلسة عدد 2', '2026-02-09'),
(490, 1, 'إضافة قرار اللجنة للجلسة رقم 20 - قرار اللجنة جلسة عدد 3', '2026-02-09'),
(491, 1, 'تعديل الجلسة رقم 2 بتاريخ 2025-02-26', '2026-02-09'),
(492, 1, 'إضافة قرار اللجنة للجلسة رقم 21 - قرار اللجنة جلسة عدد 4', '2026-02-09'),
(493, 1, 'إضافة قرار اللجنة للجلسة رقم 22 - قرار اللجنة جلسة عدد 5', '2026-02-09'),
(494, 1, 'إضافة قرار اللجنة للجلسة رقم 23 - قرار اللجنة جلسة عدد 6', '2026-02-09'),
(495, 1, 'إضافة قرار اللجنة للجلسة رقم 24 - قرار اللجنة جلسة عدد 7', '2026-02-09'),
(496, 1, 'تسجيل الدخول', '2026-02-10'),
(497, 1, 'إضافة صفقة رقم 5 للمشروع رقم 77 مع 5 صفقات', '2026-02-10'),
(498, 1, 'تسجيل الدخول', '2026-02-10'),
(499, 1, 'تسجيل الدخول', '2026-02-10'),
(500, 1, 'تسجيل الدخول', '2026-02-11'),
(501, 1, 'تسجيل الدخول', '2026-02-11'),
(502, 1, 'تسجيل الدخول', '2026-02-12'),
(503, 1, 'تعديل الجلسة رقم 8 بتاريخ 2026-02-03', '2026-02-12'),
(504, 1, 'تعديل الجلسة رقم 9 بتاريخ 2026-02-04', '2026-02-12'),
(505, 1, 'تعديل الجلسة رقم 8 بتاريخ 2026-02-04', '2026-02-12'),
(506, 1, 'تعديل المقترح رقم 131', '2026-02-12'),
(507, 1, 'تعديل المقترح رقم 131', '2026-02-12'),
(508, 1, 'تسجيل الدخول', '2026-02-12'),
(509, 1, 'تسجيل الدخول', '2026-02-13'),
(510, 1, 'إضافة صفقة رقم 6 للمشروع رقم 117 مع 5 صفقات', '2026-02-13'),
(511, 1, 'إضافة مستخدم جديد: Amel Slaimi', '2026-02-13'),
(512, 1, 'تسجيل الخروج', '2026-02-13'),
(513, 1, 'تسجيل الدخول', '2026-02-13'),
(514, 1, 'تعديل الصفقة رقم 6 مع 6 أقساط', '2026-02-13'),
(515, 1, 'تسجيل الخروج', '2026-02-13'),
(516, 12, 'تسجيل الدخول', '2026-02-13'),
(517, 12, 'إضافة مستخدم جديد: test', '2026-02-13'),
(518, 12, 'تسجيل الخروج', '2026-02-13'),
(519, 13, 'تسجيل الدخول', '2026-02-13'),
(520, 13, 'تسجيل الخروج', '2026-02-13'),
(521, 1, 'تسجيل الدخول', '2026-02-13'),
(522, 1, 'حذف المستخدم: test', '2026-02-13'),
(523, 1, 'تسجيل الدخول', '2026-02-16'),
(524, 1, 'تعديل بيانات المستخدم: أمال سلايمي', '2026-02-16'),
(525, 1, 'تعديل بيانات المستخدم: أمال سلايمي', '2026-02-16'),
(526, 1, 'تعديل بيانات المستخدم: إنصاف زمزم', '2026-02-16'),
(527, 1, 'تسجيل الخروج', '2026-02-16'),
(528, 2, 'تسجيل الدخول', '2026-02-16'),
(529, 2, 'تسجيل الخروج', '2026-02-16'),
(530, 2, 'تسجيل الدخول', '2026-02-16'),
(531, 2, 'تسجيل الدخول', '2026-02-16'),
(532, 1, 'تسجيل الدخول', '2026-02-16'),
(533, 1, 'تسجيل الدخول', '2026-02-16'),
(534, 1, 'تسجيل الخروج', '2026-02-16'),
(535, 2, 'تسجيل الدخول', '2026-02-16'),
(536, 2, 'تسجيل الخروج', '2026-02-16'),
(537, 1, 'تسجيل الدخول', '2026-02-16'),
(538, 1, 'تسجيل الخروج', '2026-02-16'),
(539, 1, 'تسجيل الدخول', '2026-02-16'),
(540, 1, 'تسجيل الخروج', '2026-02-16'),
(541, 1, 'تسجيل الدخول', '2026-02-16'),
(542, 1, 'تسجيل الخروج', '2026-02-16'),
(543, 1, 'تسجيل الدخول', '2026-02-16'),
(544, 1, 'تسجيل الخروج', '2026-02-16'),
(545, 1, 'تسجيل الدخول', '2026-02-16'),
(546, 1, 'تسجيل الخروج', '2026-02-16'),
(547, 1, 'تسجيل الدخول', '2026-02-16'),
(548, 1, 'تسجيل الخروج', '2026-02-16'),
(549, 1, 'تسجيل الدخول', '2026-02-16'),
(550, 1, 'تسجيل الخروج', '2026-02-16'),
(551, 1, 'تسجيل الدخول', '2026-02-16'),
(552, 1, 'تسجيل الخروج', '2026-02-16'),
(553, 1, 'تسجيل الدخول', '2026-02-16'),
(554, 1, 'تسجيل الخروج', '2026-02-16'),
(555, 1, 'تسجيل الدخول', '2026-02-16'),
(556, 1, 'تسجيل الدخول', '2026-02-16'),
(557, 1, 'تسجيل الخروج', '2026-02-16'),
(558, 2, 'تسجيل الدخول', '2026-02-16'),
(559, 2, 'تسجيل الخروج', '2026-02-16'),
(560, 1, 'تسجيل الدخول', '2026-02-16'),
(561, 1, 'تعديل المقترح رقم 73', '2026-02-16'),
(562, 1, 'تعديل المقترح رقم 120', '2026-02-16'),
(563, 1, 'تعديل المقترح رقم 119', '2026-02-16'),
(564, 1, 'تعديل المقترح رقم 120', '2026-02-16'),
(565, 1, 'تعديل المقترح رقم 119', '2026-02-16'),
(566, 1, 'تعديل المقترح رقم 74', '2026-02-16'),
(567, 1, 'تسجيل الخروج', '2026-02-16'),
(568, 1, 'تسجيل الدخول', '2026-02-16'),
(569, 1, 'تسجيل الدخول', '2026-02-18'),
(570, 1, 'تسجيل الدخول', '2026-02-18'),
(571, 1, 'تعديل الجلسة رقم 8 بتاريخ 2026-02-04', '2026-02-18'),
(572, 1, 'تسجيل الدخول', '2026-02-19'),
(573, 1, 'تسجيل الدخول', '2026-02-20'),
(574, 1, 'تسجيل الدخول', '2026-02-23'),
(575, 1, 'تسجيل الخروج', '2026-02-23'),
(576, 2, 'تسجيل الدخول', '2026-02-23'),
(577, 2, 'تسجيل الدخول', '2026-02-23'),
(578, 2, 'تسجيل الخروج', '2026-02-23'),
(579, 1, 'تسجيل الدخول', '2026-02-23'),
(580, 1, 'إضافة صفقة رقم 7 للمشروع رقم 78 مع 4 صفقات', '2026-02-23'),
(581, 1, 'تعديل الجلسة رقم 8 بتاريخ 2026-02-04', '2026-02-23'),
(582, 1, 'حذف الجلسة رقم 8', '2026-02-23'),
(583, 1, 'حذف الجلسة رقم 7', '2026-02-23'),
(584, 1, 'تعديل الجلسة رقم 7 بتاريخ 2026-01-28', '2026-02-23'),
(585, 1, 'إضافة قرار اللجنة للجلسة رقم 26 - قرار اللجنة جلسة عدد 7', '2026-02-23'),
(586, 2, 'تسجيل الدخول', '2026-02-23'),
(587, 1, 'تعديل الجلسة رقم 8 بتاريخ 2026-02-03', '2026-02-23'),
(588, 1, 'تسجيل الدخول', '2026-02-24'),
(589, 1, 'تسجيل الخروج', '2026-02-24'),
(590, 1, 'تسجيل الدخول', '2026-02-24'),
(591, 1, 'تسجيل الدخول', '2026-02-24'),
(592, 1, 'تسجيل الدخول', '2026-02-24'),
(593, 1, 'حذف الجلسة رقم 8', '2026-02-24'),
(594, 1, 'حذف الجلسة رقم 7', '2026-02-24'),
(595, 1, 'تعديل الجلسة رقم 7 بتاريخ 2026-01-28', '2026-02-24'),
(596, 1, 'تعديل الجلسة رقم 7 بتاريخ 2026-01-28', '2026-02-24'),
(597, 1, 'إضافة قرار اللجنة للجلسة رقم 28 - قرار اللجنة جلسة عدد 7', '2026-02-24'),
(598, 1, 'إضافة قرار اللجنة للجلسة رقم 29 - قرار اللجنة جلسة عدد 8', '2026-02-24'),
(599, 1, 'تسجيل الدخول', '2026-02-24'),
(600, 1, 'تسجيل الدخول', '2026-02-25'),
(601, 1, 'تسجيل الخروج', '2026-02-25'),
(602, 1, 'تسجيل الدخول', '2026-02-26'),
(603, 1, 'تعديل الجلسة رقم 8 بتاريخ 2026-02-03', '2026-02-26'),
(604, 1, 'تسجيل الدخول', '2026-02-26'),
(605, 1, 'تعديل الجلسة رقم 8 بتاريخ 2026-02-03', '2026-02-26'),
(606, 1, 'إضافة صفقة رقم 8 للمشروع رقم 79 مع 1 صفقات', '2026-02-26'),
(607, 1, 'إضافة صفقة رقم 9 للمشروع رقم 118 مع 1 صفقات', '2026-02-26'),
(608, 1, 'تسجيل الخروج', '2026-02-26'),
(609, 1, 'تسجيل الدخول', '2026-02-26'),
(610, 1, 'تعديل الجلسة رقم 8 بتاريخ 2026-02-03', '2026-02-26'),
(611, 1, 'تعديل الجلسة رقم 8 بتاريخ 2026-02-03', '2026-02-26'),
(612, 1, 'تعديل الجلسة رقم 8 بتاريخ 2026-02-03', '2026-02-26'),
(613, 1, 'تسجيل الدخول', '2026-02-27'),
(614, 1, 'تسجيل الخروج', '2026-02-27'),
(615, 1, 'تسجيل الدخول', '2026-02-27'),
(616, 1, 'تعديل الجلسة رقم 8 بتاريخ 2026-02-03', '2026-02-27'),
(617, 1, 'تعديل الجلسة رقم 8 بتاريخ 2026-02-03', '2026-02-27'),
(618, 1, 'تعديل الجلسة رقم 8 بتاريخ 2026-02-03', '2026-02-27'),
(619, 1, 'تعديل الجلسة رقم 8 بتاريخ 2026-02-03', '2026-02-27'),
(620, 1, 'إضافة ملف (16) للمقترح رقم 79: مراسلة من وزير التجهيز بخصوص ملعب المنزه', '2026-02-27'),
(621, 1, 'تسجيل الخروج', '2026-02-27'),
(622, 1, 'تسجيل الدخول', '2026-02-27'),
(623, 1, 'تسجيل الخروج', '2026-02-27'),
(624, 1, 'تسجيل الدخول', '2026-03-02'),
(625, 1, 'إضافة مقترح جديد رقم 132: مشروع القطار الفائق السرعة ', '2026-03-02'),
(626, 1, 'إضافة ملف (13) للمقترح رقم 132: التقرير الرقابي لمشروع القطار فائق السرعة TGV', '2026-03-02'),
(627, 1, 'إضافة مقترح جديد رقم 133: مشروع ربط مطار تونس قرطاج ا?', '2026-03-02'),
(628, 1, 'إضافة ملف (13) للمقترح رقم 133: مقترح إسناد مشروع ربط مطار تونس قرطاج الدولي بتونس العاصمة.', '2026-03-02'),
(629, 1, 'إضافة مقترح جديد رقم 134: مشروع توسعة مطار تونس قرطاج', '2026-03-02'),
(630, 1, 'إضافة ملف (13) للمقترح رقم 134: تقرير راقبي مشروع توسعة مطار تونس قرطاج الدولي.', '2026-03-02'),
(631, 1, 'تسجيل الخروج', '2026-03-02'),
(632, 1, 'تسجيل الدخول', '2026-03-02'),
(633, 1, 'تسجيل الدخول', '2026-03-04'),
(634, 1, 'إضافة مقترح جديد رقم 135: dggfdg', '2026-03-04'),
(635, 1, 'حذف المقترح رقم 135: dggfdg', '2026-03-04'),
(636, 2, 'تسجيل الدخول', '2026-03-04'),
(637, 1, 'إضافة مقترح جديد رقم 136: test', '2026-03-04'),
(638, 1, 'تعديل المقترح رقم 136', '2026-03-04'),
(639, 1, 'حذف المقترح رقم 136: 2test', '2026-03-04'),
(640, 1, 'إضافة مقترح جديد رقم 137: test', '2026-03-04'),
(641, 1, 'إضافة ملف (11) للمقترح رقم 137: مقترح إسناد مشروع الملعب الأولمبي بالمنزه', '2026-03-04'),
(642, 1, 'حذف المقترح رقم 137: test', '2026-03-04'),
(643, 1, 'تحديث معلومات الملف الشخصي (تغيير نوع الحساب)', '2026-03-04'),
(644, 1, 'تحديث معلومات الملف الشخصي (تغيير نوع الحساب)', '2026-03-04'),
(645, 1, 'إضافة مقترح جديد رقم 138: مشروع إنجاز ميناء المياه ال', '2026-03-04'),
(646, 1, 'إضافة ملف (13) للمقترح رقم 138: التقرير الرقابي', '2026-03-04'),
(647, 1, 'تعديل المقترح رقم 138', '2026-03-04'),
(648, 1, 'إضافة مقترح جديد رقم 139: مشروع حماية هضبة سيدي بوسعي', '2026-03-04'),
(649, 1, 'إضافة ملف (13) للمقترح رقم 139: التقرير الرقابي للمشروع.', '2026-03-04'),
(650, 1, 'إضافة ملف (17) للمقترح رقم 73: مقترح الكتابة القارة للجنة المشاريع الكبرى', '2026-03-04'),
(651, 1, 'تسجيل الدخول', '2026-03-04'),
(652, 1, 'تسجيل الخروج', '2026-03-04'),
(653, 1, 'تسجيل الدخول', '2026-03-05'),
(654, 1, 'إضافة مقترح جديد رقم 140: TEST', '2026-03-05'),
(655, 1, 'إضافة ملف (2) للمقترح رقم 140: تقرير رقابي', '2026-03-05'),
(656, 1, 'إضافة قرار اللجنة للجلسة رقم 30 - قرار اللجنة جلسة عدد 10', '2026-03-05'),
(657, 1, 'تعديل الجلسة رقم 10 بتاريخ 2026-03-05', '2026-03-05'),
(658, 1, 'تعديل الجلسة رقم 10 بتاريخ 2026-03-05', '2026-03-05'),
(659, 1, 'تعديل الجلسة رقم 10 بتاريخ 2026-03-05', '2026-03-05'),
(660, 1, 'تعديل الجلسة رقم 10 بتاريخ 2026-03-05', '2026-03-05'),
(661, 1, 'تعديل الجلسة رقم 10 بتاريخ 2026-03-05', '2026-03-05'),
(662, 1, 'تعديل الجلسة رقم 10 بتاريخ 2026-03-05', '2026-03-05'),
(663, 1, 'تعديل الجلسة رقم 10 بتاريخ 2026-03-05', '2026-03-05'),
(664, 1, 'تعديل الجلسة رقم 10 بتاريخ 2026-03-05', '2026-03-05'),
(665, 1, 'تعديل الجلسة رقم 10 بتاريخ 2026-03-05', '2026-03-05'),
(666, 1, 'تعديل المقترح رقم 140', '2026-03-05'),
(667, 1, 'تعديل المقترح رقم 140', '2026-03-05'),
(668, 1, 'تعديل المقترح رقم 140', '2026-03-05'),
(669, 1, 'إضافة مقترح جديد رقم 141: test2', '2026-03-05'),
(670, 1, 'إضافة ملف (2) للمقترح رقم 141: مقترح إسناد مشروع الملعب الأولمبي بالمنزه', '2026-03-05'),
(671, 1, 'تعديل الجلسة رقم 10 بتاريخ 2026-03-05', '2026-03-05'),
(672, 1, 'تعديل الجلسة رقم 10 بتاريخ 2026-03-05', '2026-03-05'),
(673, 1, 'تعديل الجلسة رقم 10 بتاريخ 2026-03-05', '2026-03-05'),
(674, 1, 'حذف المقترح رقم 140: TEST', '2026-03-05'),
(675, 2, 'تسجيل الدخول', '2026-03-05'),
(676, 1, 'تسجيل الدخول', '2026-03-06'),
(677, 1, 'حذف الجلسة رقم 10', '2026-03-06'),
(678, 1, 'حذف المقترح رقم 141: test2', '2026-03-06'),
(679, 1, 'تعديل الجلسة رقم 10 بتاريخ 2026-03-03', '2026-03-06'),
(680, 1, 'إضافة قرار اللجنة للجلسة رقم 31 - قرار اللجنة جلسة عدد 10', '2026-03-06'),
(681, 2, 'تسجيل الدخول', '2026-03-06'),
(682, 1, 'تعديل الجلسة رقم 9 بتاريخ 2026-03-03', '2026-03-06'),
(683, 1, 'تعديل الجلسة رقم 9 بتاريخ 2026-03-03', '2026-03-06'),
(684, 1, 'تسجيل الدخول', '2026-03-06'),
(685, 1, 'تعديل الصفقة رقم 9 مع 1 أقساط', '2026-03-06'),
(686, 1, 'تعديل الصفقة رقم 8 مع 1 أقساط', '2026-03-06'),
(687, 1, 'تعديل المقترح رقم 139', '2026-03-06'),
(688, 1, 'تعديل المقترح رقم 130', '2026-03-06'),
(689, 1, 'إضافة مورّد: CRRC NANJING PUZHEN', '2026-03-06'),
(690, 1, 'إضافة صفقة رقم 10 للمشروع رقم 73 مع 1 صفقات', '2026-03-06'),
(691, 1, 'تعديل الصفقة رقم 10 مع 1 أقساط', '2026-03-06'),
(692, 1, 'تسجيل الدخول', '2026-03-09'),
(693, 1, 'تسجيل الدخول', '2026-03-09');

-- --------------------------------------------------------

--
-- Structure de la table `lot`
--

CREATE TABLE `lot` (
  `lidLot` int(11) NOT NULL,
  `sujetLot` varchar(300) NOT NULL,
  `idFournisseur` int(11) NOT NULL,
  `somme` double NOT NULL,
  `idAppelOffre` int(11) NOT NULL
) ENGINE=InnoDB DEFAULT CHARSET=utf8;

--
-- Déchargement des données de la table `lot`
--

INSERT INTO `lot` (`lidLot`, `sujetLot`, `idFournisseur`, `somme`, `idAppelOffre`) VALUES
(22, 'الهندسة المدنية و الطرقات و الشبكات المختلفة', 1, 11646658, 5),
(23, 'السوائل', 2, 1999513.5, 5),
(24, 'الكهرباء', 3, 919793.875, 5),
(25, 'الحماية من الحرائق', 4, 327063.15625, 5),
(26, 'الهاتف و شبكات الإعلامية', 5, 304598.21875, 5),
(32, 'الهندسة المدنية و الطرقات و الشبكات المختلفة', 6, 13689911, 6),
(33, 'السوائل', 7, 1632853.5, 6),
(34, 'الكهرباء', 3, 1086802.875, 6),
(35, 'الحماية من الحرائق', 4, 278359.125, 6),
(36, 'الهاتف و شبكات الإعلامية', 8, 494732.75, 6),
(37, 'المصاعد', 4, 103173, 6),
(38, 'الهندسة المدنية', 9, 4379569, 7),
(39, 'و الطرقات و الشبكات المختلفة', 9, 832132.3125, 7),
(40, 'الكهرباء و الحماية من الحرائق', 9, 6869859, 7),
(41, 'السوائل', 9, 4180768.25, 7),
(44, 'التهيئة و الربط بمختلف الشبكات', 10, 14005467, 9),
(45, 'الدراسات', 10, 12604920.3, 8),
(47, 'إقتناء 30 عربة', 12, 540594271.82, 10);

-- --------------------------------------------------------

--
-- Structure de la table `ministere`
--

CREATE TABLE `ministere` (
  `idMinistere` int(11) NOT NULL,
  `libMinistere` varchar(300) NOT NULL,
  `adresseMinistere` varchar(300) NOT NULL,
  `idGov` int(11) NOT NULL
) ENGINE=InnoDB DEFAULT CHARSET=utf8;

--
-- Déchargement des données de la table `ministere`
--

INSERT INTO `ministere` (`idMinistere`, `libMinistere`, `adresseMinistere`, `idGov`) VALUES
(1, 'رئاسة الحكـــومة', 'ساحة الحكومة – القصبة 1020 تونس\r\n\r\n\r\n\r\n', 5),
(2, 'وزارة العدل', '31 شارع باب بنات، القصبة 1006 تونس', 5),
(3, 'وزارة الدفاع الوطني', 'باب منارة - القصبة\r\n1008 تونس', 5),
(4, 'وزارة الداخلية', 'شارع الحبيب بورقيبة\r\n1000 تونس', 5),
(5, 'وزارة الشؤون الخارجية والهجرة والتونسيين بالخارج', 'شارع جامعة الدول العربية شمال الهلتون\r\n1030 تونس', 5),
(6, 'وزارة المالية', 'ساحة الحكومة بالقصبة\r\nتونس', 5),
(7, 'وزارة الصحة', 'باب سعدون\r\n1006 تونس', 5),
(8, 'وزارة الاقتصاد والتخطيط', 'شارع الشيخ محمد الفاضل بن عاشور مبنى «B4»، البرج \"أ\" المركز العمراني الشمالي\r\n1082 تونس', 5),
(9, 'وزارة الصناعة والمناجم والطاقة', 'عمارة \"بية\" عدد 40، نهج 8011 – مونبليزير\r\n1002 تونس', 5),
(10, 'وزارة الشؤون الاجتماعية', 'شارع باب بنات عدد 27\r\n1019 تونس', 5),
(11, 'وزارة التجارة وتنمية الصادرات', 'زاوية نهج غانا ونهج بيار دي كوبرتن ونهج الهادي نويرة\r\n1001 تونس', 5),
(12, 'وزارة الفلاحة والموارد المائية والصيد البحري', '30 نهج آلان سفاري\r\n1002 تونس', 5),
(13, 'وزارة التربية', 'شارع باب البنات\r\n1030 تونس', 5),
(14, 'وزارة التعليم العالي والبحث العلمي', 'شارع أولاد حفوز\r\n1030 تونس', 5),
(15, 'وزارة الشباب والرياضة', 'شارع محمد علي عقيد\r\n1003 تونس', 5),
(16, 'وزارة تكنولوجيات الإتصال', '88 شارع محمد الخامس\r\n1002 تونس', 5),
(17, 'وزارة النقل', '13 نهج البرجين، منبليزير\r\n1073 تونس', 5),
(18, 'وزارة التجهيز والإسكان', 'شارع الحبيب شريطة -حي الحدائق- البلفدير\r\n1002 تونس', 5),
(19, 'وزارة أملاك الدّولة والشؤون العقارية', 'شارع محمد الخامس قبالة البنك المركزي\r\n1000 تونس', 5),
(20, 'وزارة ﺍﻟﺒﻴﺌﺔ', 'شارع الأرض، المركز العمراني الشمالي\r\n1080 تونس', 5),
(21, 'وزارة السياحة', '1 شارع محمد الخامس\r\n1001 تونس', 5),
(22, 'وزارة الشؤون الدينية', '76 مكرّر، شارع باب البنات، القصبة\r\n1019 تونس', 5),
(23, 'وزارة الأسرة والمرأة والطفولة وكبار السن', '02 نهج عاصمة الجزائر\r\n1001 تونس', 5),
(24, 'وزارة الشؤون الثقافية', 'نهج 2 مارس 1934 القصبة،\r\n1002 تونس', 5),
(25, 'وزارة التشغيل والتكوين المهني', '10 شارع أولاد حفوز\r\n1002 تونس', 5);

-- --------------------------------------------------------

--
-- Structure de la table `projet`
--

CREATE TABLE `projet` (
  `idPro` int(11) NOT NULL,
  `idMinistere` int(11) NOT NULL,
  `idEtab` int(11) NOT NULL,
  `sujet` varchar(400) NOT NULL,
  `dateArrive` date NOT NULL,
  `procedurePro` varchar(30) NOT NULL,
  `cout` float NOT NULL,
  `id_Gov` int(11) NOT NULL,
  `proposition` varchar(400) NOT NULL,
  `idUser` int(11) NOT NULL,
  `etat` int(11) NOT NULL,
  `dateCreation` datetime NOT NULL
) ENGINE=InnoDB DEFAULT CHARSET=utf8;

--
-- Déchargement des données de la table `projet`
--

INSERT INTO `projet` (`idPro`, `idMinistere`, `idEtab`, `sujet`, `dateArrive`, `procedurePro`, `cout`, `id_Gov`, `proposition`, `idUser`, `etat`, `dateCreation`) VALUES
(73, 17, 61, 'مشروع اقتناء 30 عربة مترو لفائدة شركة النقل بتونس.', '2025-02-14', 'جديد', 450, 5, 'ادراج المشروع ضمن المشاريع العمومية الكبري ذات الطابع الإستراتيجي.', 2, 3, '2026-02-02 10:33:51'),
(74, 11, 64, 'مشروع منصة أسواق الوسط.', '2025-01-02', 'جديد', 116, 18, 'ادراج المشروع ضمن المشاريع العمومية الكبري ذات الطابع الإستراتيجي.', 2, 2, '2026-02-02 11:01:45'),
(75, 7, 34, 'مشروع بناء المستشفى الجهوي ببئر على بن خليفة بصفاقس.', '2024-12-13', 'جديد', 11, 19, 'ادراج المشروع ضمن المشاريع العمومية الكبري ذات الطابع الإستراتيجي.', 2, 2, '2026-02-02 11:10:03'),
(76, 7, 34, 'مشروع دعم اسس و هياكل المبني الرئيسي بالمستشفي الجامعي الهادي شاكر بصفاقس.', '2024-11-18', 'جديد', 10, 19, 'ادراج المشروع ضمن المشاريع العمومية الكبري ذات الطابع الإستراتيجي.', 2, 2, '2026-02-02 11:15:23'),
(77, 7, 34, 'مشروع بناء المستشفى الجهوي صنف ب بسبيطلة من ولاية القصرين.', '2025-03-12', 'جديد', 1.8, 19, 'ادراج المشروع ضمن المشاريع العمومية الكبري ذات الطابع الإستراتيجي.', 2, 4, '2026-02-02 14:53:19'),
(78, 7, 34, 'مشروع بناء المستشفى الجهوي صنف ب نفطة من ولاية توزر.', '2025-03-05', 'جديد', 5.99, 17, 'ادراج المشروع ضمن المشاريع العمومية الكبري ذات الطابع الإستراتيجي.', 2, 4, '2026-02-02 14:59:32'),
(79, 15, 35, 'مشروع تهيئة الملعب الأولمبي بالمنزه.', '2025-01-07', 'بصدد الإنجاز', 10, 5, 'ادراج المشروع ضمن المشاريع العمومية الكبري ذات الطابع الإستراتيجي.', 3, 4, '2026-02-02 15:05:47'),
(80, 14, 46, 'مشروع بناء الموارد التكنولوجية بالقطب التكنولوجي بسيدي ثابت.', '2025-02-25', 'جديد', 89.43, 6, 'ادراج المشروع ضمن المشاريع العمومية الكبري ذات الطابع الإستراتيجي.', 3, 1, '2026-02-02 15:10:01'),
(81, 7, 34, 'مشروع مدينة الأغالبة الطبية بالقيروان.', '2025-05-02', 'جديد', 6885, 14, 'ادراج المشروع ضمن المشاريع العمومية الكبري ذات الطابع الإستراتيجي.', 3, 2, '2026-02-02 15:13:25'),
(82, 9, 58, 'مشروع اقتناء أبراج امتصاص الحامض الكبريتي لمعامل المجمع الكيميائي التونسي.', '2025-04-25', 'جديد', 30, 22, 'ادراج المشروع ضمن المشاريع العمومية الكبري ذات الطابع الإستراتيجي.', 3, 1, '2026-02-02 15:18:42'),
(83, 9, 58, 'مشروع اقتناء وحدة تحلية المياه بالتناضح العكسي بمعمل المظيلة 1 بطاقة إنتاج 2 × 40 متر مكعّب/ساعة.', '2025-07-25', 'جديد', 27, 20, 'ادراج المشروع ضمن المشاريع العمومية الكبري ذات الطابع الإستراتيجي.', 3, 1, '2026-02-02 15:22:50'),
(84, 9, 58, 'مشروع إنجاز وحدة تحلية المياه بالتناضح العكسي بمعمل الحامض الفسفوري بقابس بطاقة إنتاج 2 × 43 متر مكعّب/ساعة.', '2025-04-25', 'جديد', 30, 22, 'ادراج المشروع ضمن المشاريع العمومية الكبري ذات الطابع الإستراتيجي.', 3, 1, '2026-02-02 15:32:28'),
(85, 9, 58, 'مشروع اقتناء عنفتين بخاريتيْن كاملتيْن لوحدتيْ الحامض الكبريتي لمعمل الصخيرة.', '2025-04-25', 'جديد', 55, 19, 'ادراج المشروع ضمن المشاريع العمومية الكبري ذات الطابع الإستراتيجي.', 3, 1, '2026-02-02 15:38:44'),
(86, 9, 58, 'مشروع اقتناء مرشّحيْن للحامض الفسفوري بمعمل الصخيرة.', '2025-04-25', 'جديد', 24, 19, 'ادراج المشروع ضمن المشاريع العمومية الكبري ذات الطابع الإستراتيجي.', 3, 1, '2026-02-02 15:48:54'),
(87, 9, 58, 'مشروع تحويل وحدة الحامض الكبريتي بمعمل الحامض الفسفوري بقابس من الامتصاص الآحادي إلى الامتصاص المضاعف مع نظام استرجاع الحرارة HRS.', '2025-04-25', 'جديد', 154, 22, 'ادراج المشروع ضمن المشاريع العمومية الكبري ذات الطابع الإستراتيجي.', 2, 1, '2026-02-02 15:52:27'),
(88, 9, 58, 'مشروع تحويل وحدات الحامض الكبريتي بمعمل الصخيرة من الإمتصاص الآحادي إلى الإمتصاص المُضاعف مع نظام إسترجاع الحرارة HRS.', '2025-04-25', 'جديد', 210, 19, 'ادراج المشروع ضمن المشاريع العمومية الكبري ذات الطابع الإستراتيجي.', 3, 1, '2026-02-02 16:02:21'),
(89, 9, 58, 'مشروع تهيئة مصب لتكديس الفسفوجيبس بالطريقة المبلّلة بمعمل الصخيرة.', '2025-04-25', 'جديد', 145, 19, 'ادراج المشروع ضمن المشاريع العمومية الكبري ذات الطابع الإستراتيجي.', 3, 1, '2026-02-02 16:06:45'),
(90, 9, 58, 'مشروع طرق تخزين و نقل الفسفوجيبس من معامل المجمع الكيميائي التونسي بقفصة.', '2026-02-02', 'جديد', 145, 20, 'ادراج المشروع ضمن المشاريع العمومية الكبري ذات الطابع الإستراتيجي.', 3, 1, '2026-02-02 16:14:33'),
(91, 9, 58, 'مشروع إنجاز وحدة لصناعة الأسمدة المُحبّبة « SSP MCP » بالصخيرة.', '2025-04-25', 'جديد', 45, 19, 'ادراج المشروع ضمن المشاريع العمومية الكبري ذات الطابع الإستراتيجي.', 3, 1, '2026-02-02 16:17:04'),
(92, 9, 58, 'مشروع تجديد وحدات في سلسلة إنتاج ثلاثي الفسفاط الرّفيع بمعمل المظيلة.', '2025-04-25', 'جديد', 48.5, 20, 'إدراج هذا المشروع ضمن قائمة المشاريع الإستراتيجية طبقا لأحكام الفصل 5 من الأمر المذكور وعرضه على لجنة المشاريع الكبرى.', 3, 1, '2026-02-03 16:27:29'),
(93, 9, 58, 'إنجاز مشروع نموذجي لإنتاج الأمونيا الخضراء بمعمل الأمونيترات بقابس', '2025-04-25', 'جديد', 75, 22, 'إدراج هذا المشروع ضمن قائمة المشاريع الإستراتيجية طبقا لأحكام الفصل 5 من الأمر المذكور وعرضه على لجنة المشاريع الكبرى.', 3, 1, '2026-02-03 16:42:03'),
(94, 9, 58, 'مشروع وحدة الحامض الفسفوري المُنقّى بالصخيرة.', '2026-04-25', 'جديد', 280, 19, 'إدراج هذا المشروع ضمن قائمة المشاريع الإستراتيجية طبقا لأحكام الفصل 5 من الأمر المذكور وعرضه على لجنة المشاريع الكبرى.', 3, 1, '2026-02-03 16:47:31'),
(95, 9, 58, 'مشروع استكمال مشاريع القسط الثالث والملاحق لمعمل المظيلة 2.', '2025-04-25', 'جديد', 280, 20, 'إدراج هذا المشروع ضمن قائمة المشاريع الإستراتيجية طبقا لأحكام الفصل 5 من الأمر المذكور وعرضه على لجنة المشاريع الكبرى.', 3, 1, '2026-02-03 17:04:58'),
(96, 9, 59, 'مشروع مغسلة جديدة بمنطقة أم الخشب مدينة المتلوي.', '2025-04-25', 'جديد', 241.38, 20, 'إدراج هذا المشروع ضمن قائمة المشاريع الإستراتيجية طبقا لأحكام الفصل 5 من الأمر المذكور وعرضه على لجنة المشاريع الكبرى.', 2, 1, '2026-02-03 17:08:52'),
(97, 9, 59, 'مشروع الآبار التعويضية للمياه الصناعية.', '2025-04-25', 'جديد', 8.3, 20, 'إدراج هذا المشروع ضمن قائمة المشاريع  المعطلة طبقا لأحكام الفصل 5 من الأمر المذكور وعرضه على لجنة المشاريع الكبرى', 3, 1, '2026-02-03 17:15:58'),
(98, 9, 59, 'مشروع تركيز وحدة ترشيح ذات ضغط عالي بمغسلة كاف الدور.', '2025-05-12', 'جديد', 20, 20, 'إدراج هذا المشروع ضمن قائمة المشاريع الإستراتيجية طبقا لأحكام الفصل 5 من الأمر المذكور وعرضه على لجنة المشاريع الكبرى.', 2, 1, '2026-02-09 11:01:06'),
(99, 9, 59, 'مشروع اقتناء اليات منجمية', '2026-05-12', 'جديد', 233, 20, 'إدراج هذا المشروع ضمن قائمة المشاريع الإستراتيجية طبقا لأحكام الفصل 5 من الأمر المذكور وعرضه على لجنة المشاريع الكبرى.', 2, 1, '2026-02-09 11:09:47'),
(100, 9, 59, 'إنجاز دراسة مشروع توزر نفطة للفسفاط.', '2025-05-12', 'جديد', 10, 17, 'إدراج هذا المشروع ضمن قائمة المشاريع الإستراتيجية طبقا لأحكام الفصل 5 من الأمر المذكور وعرضه على لجنة المشاريع الكبرى.', 2, 1, '2026-02-09 11:20:55'),
(101, 9, 59, 'مشروع وحدة الإنتاج الجديدة بأم الخشب 2.', '2025-12-05', 'جديد', 160, 20, 'إدراج هذا المشروع ضمن قائمة المشاريع الإستراتيجية طبقا لأحكام الفصل 5 من الأمر المذكور وعرضه على لجنة المشاريع الكبرى.', 2, 1, '2026-02-09 11:36:24'),
(102, 9, 59, 'المشروع المندمج للنقل الهيدروليكي للفسفـاط  نحو معامل المجمع الكيميائي التونسي  و تيفارت اعتمادا على تحلية المياه  و بواسطة الطاقة الشمسية.', '2025-05-12', 'جديد', 1100, 20, 'إدراج هذا المشروع ضمن قائمة المشاريع الإستراتيجية طبقا لأحكام الفصل 5 من الأمر المذكور وعرضه على لجنة المشاريع الكبرى.', 2, 1, '2026-02-09 11:42:44'),
(103, 9, 59, 'مشروع تركيز محطة فوطوضوئية لتوليد الكهرباء بأم الخشب.', '2025-04-12', 'جديد', 45, 20, 'إدراج هذا المشروع ضمن قائمة المشاريع الإستراتيجية طبقا لأحكام الفصل 5 من الأمر المذكور وعرضه على لجنة المشاريع الكبرى.', 2, 1, '2026-02-09 11:46:45'),
(104, 9, 58, 'مشروع تصميم و إنجاز وحدة لتصنيع الأكياس البلاستيكة و طباعاتها و وحدة لتعبئة الأسمدة وفقا لصغة المفتاح في اليد بالمزونة.', '2025-09-24', 'جديد', 32, 18, 'إدراج هذا المشروع ضمن قائمة المشاريع الإستراتيجية طبقا لأحكام الفصل 5 من الأمر المذكور وعرضه على لجنة المشاريع الكبرى.', 3, 2, '2026-02-09 11:50:36'),
(105, 9, 58, 'مشروع اقتناء مقتصدات حرارية بمعمل الحامض الفسفوري ومعمل الداب بقابس.', '2025-04-24', 'جديد', 25, 22, 'إدراج هذا المشروع ضمن قائمة المشاريع الإستراتيجية طبقا لأحكام الفصل 5 من الأمر المذكور وعرضه على لجنة المشاريع الكبرى.', 3, 1, '2026-02-09 11:57:33'),
(106, 9, 58, 'مشروع تحويل وحدة الحامض الكبريتي بمعمل المظيلة من الامتصاص الآحادي إلى الامتصاص المضاعف مع نظام استرجاع الحرارة HRS.', '2025-04-04', 'جديد', 82.6, 20, 'إدراج هذا المشروع ضمن قائمة المشاريع الإستراتيجية طبقا لأحكام الفصل 5 من الأمر المذكور وعرضه على لجنة المشاريع الكبرى.', 3, 1, '2026-02-09 12:01:30'),
(107, 9, 58, 'مشروع إنجاز وحدة لصناعة الأسمدة المُحبّبة SSP-mcp بالصخيرة.', '2025-04-24', 'جديد', 45, 19, 'إدراج هذا المشروع ضمن قائمة المشاريع الإستراتيجية طبقا لأحكام الفصل 5 من الأمر المذكور وعرضه على لجنة المشاريع الكبرى.', 3, 1, '2026-02-09 12:10:29'),
(108, 9, 58, 'مشروع اقتناء مبرّدات الحامض الكبريتي بمعمل الحامض الفسفوري بقابس.', '2025-04-24', 'جديد', 3, 22, 'إدراج هذا المشروع ضمن قائمة المشاريع الإستراتيجية طبقا لأحكام الفصل 5 من الأمر المذكور وعرضه على لجنة المشاريع الكبرى.', 3, 1, '2026-02-09 12:13:20'),
(109, 9, 58, 'مشروع اقتناء محرّكات كهربائية ذات ضغط متوسّط لمعامل المجمع.', '2025-04-24', 'جديد', 2.2, 22, 'إدراج هذا المشروع ضمن قائمة المشاريع الإستراتيجية طبقا لأحكام الفصل 5 من الأمر المذكور وعرضه على لجنة المشاريع الكبرى.', 3, 1, '2026-02-09 12:17:23'),
(110, 9, 58, 'مشروع اقتناء قاطرة نقل عربات الفسفاط بمعمل المظيلة 1.', '2025-04-24', 'جديد', 5, 20, 'إدراج هذا المشروع ضمن قائمة المشاريع الإستراتيجية طبقا لأحكام الفصل 5 من الأمر المذكور وعرضه على لجنة المشاريع الكبرى.', 3, 1, '2026-02-09 14:18:35'),
(111, 9, 58, 'مشروع اقتناء وتركيب وتشغيل وحدة ذاتية لتبريد مياه مكثّفات وضواغط الأمونيا بمعمل الأمونيترات بقابس.', '2025-05-24', 'جديد', 10, 22, 'إدراج هذا المشروع ضمن قائمة المشاريع الإستراتيجية طبقا لأحكام الفصل 5 من الأمر المذكور وعرضه على لجنة المشاريع الكبرى.', 2, 1, '2026-02-09 14:25:30'),
(112, 9, 58, 'مشروع الحدّ من انبعاث ثاني أكسيد الكبريت «SO2» من وحدات الحامض الكبريتي أثناء فترات إعادة تشغيل الوحدات بكلّ من معمل الحامض الفسفوري (ICM3) ومعمل الداب بقابس ومعمل المظيلة 1.', '2025-05-24', 'جديد', 3, 20, 'إدراج هذا المشروع ضمن قائمة المشاريع الإستراتيجية طبقا لأحكام الفصل 5 من الأمر المذكور وعرضه على لجنة المشاريع الكبرى.', 3, 1, '2026-02-09 14:32:38'),
(113, 9, 58, 'مشروع اقتناء عنفة بخارية كاملة لوحدة الحامض الكبريتي بمعمل المظيلة 1.', '2025-05-24', 'جديد', 15, 20, 'إدراج هذا المشروع ضمن قائمة المشاريع الإستراتيجية طبقا لأحكام الفصل 5 من الأمر المذكور وعرضه على لجنة المشاريع الكبرى.', 3, 1, '2026-02-09 14:36:19'),
(114, 9, 58, 'مشروع اقتناء مرجلة مساعدة لمعمل المظيلة 2.', '2025-05-24', 'جديد', 20, 20, 'إدراج هذا المشروع ضمن قائمة المشاريع الإستراتيجية طبقا لأحكام الفصل 5 من الأمر المذكور وعرضه على لجنة المشاريع الكبرى.', 3, 1, '2026-02-09 14:38:30'),
(115, 9, 58, 'مشروع استبدال مفاعل الحامض الفسفوري 3510 بمعمل المظيلة 1.', '2025-05-24', 'جديد', 5, 20, 'إدراج هذا المشروع ضمن قائمة المشاريع الإستراتيجية طبقا لأحكام الفصل 5 من الأمر المذكور وعرضه على لجنة المشاريع الكبرى.', 3, 1, '2026-02-09 14:42:30'),
(116, 9, 58, 'مشروع استكمال بناء مقرّ الإدارة الجهوية للمجمع الكيميائي التونسي بقابس.', '2025-05-24', 'جديد', 17.2, 22, 'إدراج هذا المشروع ضمن قائمة المشاريع الإستراتيجية طبقا لأحكام الفصل 5 من الأمر المذكور وعرضه على لجنة المشاريع الكبرى.', 3, 1, '2026-02-09 14:44:32'),
(117, 14, 46, 'مشروع إتمام إنجاز بناء المدرسة الوطنية للمهندسين ببنزرت.', '2025-01-09', 'جديد', 6.3, 1, 'إدراج هذا المشروع ضمن قائمة المشاريع الإستراتيجية طبقا لأحكام الفصل 5 من الأمر المذكور وعرضه على لجنة المشاريع الكبرى.', 4, 4, '2026-02-09 14:49:00'),
(118, 16, 49, 'مشروع إستئناف إنجاز مشروع المدينة الرقمية بالنحلى.', '2025-10-15', 'بصدد الإنجاز', 44, 6, 'إدراج هذا المشروع ضمن قائمة المشاريع الإستراتيجية طبقا لأحكام الفصل 5 من الأمر المذكور وعرضه على لجنة المشاريع الكبرى.', 4, 3, '2026-02-09 14:53:22'),
(119, 17, 63, 'مشروع إنجاز ميناء المياه العميقة ومنطقة الخدمات اللوجستية بالنفيضة.', '2025-01-16', 'جديد', 3000, 12, 'إدراج هذا المشروع ضمن قائمة المشاريع الإستراتيجية طبقا لأحكام الفصل 5 من الأمر المذكور وعرضه على لجنة المشاريع الكبرى.', 4, 2, '2026-02-09 14:58:10'),
(120, 17, 62, 'مشروع إنجاز مركز حديث للصيانة و تجديد 20 عربة ذاتية الدفع لفائدة الشركة الوطنية للسكك الحديدية التونسية.', '2025-01-14', 'جديد', 0, 5, 'إدراج هذا المشروع ضمن قائمة المشاريع الإستراتيجية طبقا لأحكام الفصل 5 من الأمر المذكور وعرضه على لجنة المشاريع الكبرى.', 2, 1, '2026-02-09 15:06:28'),
(121, 9, 60, 'مشروع أشغال تهيئة توسعة المنطقة الصناعية الكاف.', '2025-10-09', 'جديد', 113, 4, 'إدراج هذا المشروع ضمن قائمة المشاريع الإستراتيجية طبقا لأحكام الفصل 5 من الأمر المذكور وعرضه على لجنة المشاريع الكبرى.', 2, 1, '2026-02-09 15:10:23'),
(122, 9, 60, 'مشروع تكملة التهيئة وأشغال إنجاز محطة الضخ الكاف وادي الرمل من ولاية الكاف.', '2025-09-10', 'بصدد الإنجاز', 7.2, 4, 'إدراج هذا المشروع ضمن قائمة المشاريع الإستراتيجية طبقا لأحكام الفصل 5 من الأمر المذكور وعرضه على لجنة المشاريع الكبرى.', 2, 1, '2026-02-09 15:32:36'),
(123, 9, 60, 'مشروع تهيئة المنطقة الصناعية النفيضة III من ولاية سوسة.', '2025-09-10', 'جديد', 11.86, 12, 'إدراج هذا المشروع ضمن قائمة المشاريع الإستراتيجية طبقا لأحكام الفصل 5 من الأمر المذكور وعرضه على لجنة المشاريع الكبرى.', 2, 1, '2026-02-09 15:35:56'),
(124, 9, 60, 'مشروع تهيئة المنطقة الصناعية أمّ العظام من ولابة سيدي بوزيد.', '2025-09-10', 'جديد', 19.99, 18, 'إدراج هذا المشروع ضمن قائمة المشاريع الإستراتيجية طبقا لأحكام الفصل 5 من الأمر المذكور وعرضه على لجنة المشاريع الكبرى.', 2, 1, '2026-02-09 15:39:43'),
(125, 9, 60, 'مشروع تهيئة المنطقة الصناعية هنشير بوتفاحة 2 من ولاية باجة.', '2025-09-10', 'جديد', 11.22, 2, 'إدراج هذا المشروع ضمن قائمة المشاريع الإستراتيجية طبقا لأحكام الفصل 5 من الأمر المذكور وعرضه على لجنة المشاريع الكبرى.', 2, 1, '2026-02-09 15:41:35'),
(126, 9, 60, 'مشروع تهيئة المنطقة الصناعية بدقة من ولاية باجة.', '2025-09-10', 'جديد', 11.8, 2, 'إدراج هذا المشروع ضمن قائمة المشاريع الإستراتيجية طبقا لأحكام الفصل 5 من الأمر المذكور وعرضه على لجنة المشاريع الكبرى.', 2, 1, '2026-02-09 15:43:39'),
(127, 9, 60, 'مشروع تهيئة المنطقة الصناعية بسيدي عاشور من ولاية منوبة.', '2025-09-10', 'جديد', 9.99, 8, 'إدراج هذا المشروع ضمن قائمة المشاريع الإستراتيجية طبقا لأحكام الفصل 5 من الأمر المذكور وعرضه على لجنة المشاريع الكبرى.', 2, 1, '2026-02-09 15:45:39'),
(128, 7, 34, 'مشروع بناء المستشفي الجهوي صنف ب بتالة من ولاية القصرين.', '2025-11-18', 'بصدد الإنجاز', 0, 13, 'إدراج هذا المشروع ضمن قائمة المشاريع الإستراتيجية طبقا لأحكام الفصل 5 من الأمر المذكور وعرضه على لجنة المشاريع الكبرى.', 2, 2, '2026-02-09 15:50:15'),
(129, 20, 51, 'معالجة الإشكاليات المتعلقة بمشاريع إزالة التلوث والتصرف فى النفايات المنزلية و المشابهة و إنجاز و تهذيب منشأت التطهير وتحلبية مياه البحر.', '2025-01-25', 'جديد', 0, 5, 'إدراج هذا المشروع ضمن قائمة المشاريع الإستراتيجية طبقا لأحكام الفصل 5 من الأمر المذكور وعرضه على لجنة المشاريع الكبرى.', 2, 2, '2026-02-09 15:54:43'),
(130, 20, 51, 'مشروع وحدة معالجة و تثمين النفايات المنزلية و المشابهة بولاية صفاقس.', '2025-01-25', 'جديد', 0, 19, 'إدراج هذا المشروع ضمن قائمة المشاريع الإستراتيجية طبقا لأحكام الفصل 5 من الأمر المذكور وعرضه على لجنة المشاريع الكبرى.', 2, 2, '2026-02-09 15:57:14'),
(131, 20, 51, 'مشروع وحدة معالجة و تثمين النفايات المنزلية و المشابهة بجربة.', '2025-01-26', 'جديد', 0, 24, 'إدراج هذا المشروع ضمن قائمة المشاريع الإستراتيجية طبقا لأحكام الفصل 5 من الأمر المذكور وعرضه على لجنة المشاريع الكبرى.', 2, 2, '2026-02-09 15:59:04'),
(132, 17, 62, 'مشروع القطار الفائق السرعة TGV و إنجاز الممر الحديدي عالى الأداء الذي يربط بين شمال البلاد و جنوبها.', '2026-02-28', 'جديد', 45500, 5, 'إدراج هذا المشروع ضمن قائمة المشاريع الإستراتيجية طبقا لأحكام الفصل 5 من الأمر المذكور وعرضه على لجنة المشاريع الكبرى.', 2, 2, '2026-03-02 11:07:43'),
(133, 17, 62, 'مشروع ربط مطار تونس قرطاج الدولي بتونس العاصمة.', '2026-03-28', 'جديد', 163, 5, 'إدراج هذا المشروع ضمن قائمة المشاريع الإستراتيجية طبقا لأحكام الفصل 5 من الأمر المذكور وعرضه على لجنة المشاريع الكبرى.', 2, 2, '2026-03-02 11:37:11'),
(134, 17, 65, 'مشروع توسعة مطار تونس قرطاج الدولي.', '2026-03-02', 'جديد', 3000, 5, 'إدراج هذا المشروع ضمن قائمة المشاريع الإستراتيجية طبقا لأحكام الفصل 5 من الأمر المذكور وعرضه على لجنة المشاريع الكبرى.', 2, 2, '2026-03-02 11:48:53'),
(138, 17, 63, 'مشروع إنجاز ميناء المياه العميقة ومنطقة الخدمات اللوجستية بالنفيضة (المشروع 2).', '2026-03-04', 'جديد', 2500, 12, 'إدراج هذا المشروع ضمن قائمة المشاريع الإستراتيجية طبقا لأحكام الفصل 5 من الأمر المذكور وعرضه على لجنة المشاريع الكبرى.', 2, 2, '2026-03-04 13:13:41'),
(139, 18, 47, 'مشروع حماية هضبة سيدي بوسعيد من الانزلاقات الأرضية.', '2026-03-04', 'جديد', 104, 5, 'إدراج مشروع إنجاز ميناء المياه العميقة ومنطقة الخدمات اللوجستية بالنفيضة (المشروع 2).', 2, 2, '2026-03-04 13:26:52');

-- --------------------------------------------------------

--
-- Structure de la table `projetcommission`
--

CREATE TABLE `projetcommission` (
  `idPc` int(11) NOT NULL,
  `idPro` int(11) NOT NULL,
  `idCom` int(11) NOT NULL,
  `naturePc` int(1) NOT NULL
) ENGINE=InnoDB DEFAULT CHARSET=utf8;

--
-- Déchargement des données de la table `projetcommission`
--

INSERT INTO `projetcommission` (`idPc`, `idPro`, `idCom`, `naturePc`) VALUES
(55, 75, 18, 21),
(56, 79, 18, 21),
(57, 76, 18, 21),
(58, 74, 18, 21),
(62, 73, 20, 21),
(63, 117, 20, 21),
(64, 118, 20, 21),
(65, 77, 21, 23),
(66, 78, 21, 21),
(67, 131, 19, 21),
(68, 130, 19, 21),
(69, 129, 19, 21),
(70, 77, 22, 23),
(71, 119, 22, 21),
(72, 117, 22, 23),
(73, 75, 23, 21),
(74, 128, 23, 21),
(75, 104, 23, 21),
(76, 76, 23, 21),
(98, 78, 28, 23),
(119, 118, 29, 22),
(120, 79, 29, 22),
(145, 138, 31, 21),
(146, 132, 31, 21),
(147, 134, 31, 21),
(148, 139, 31, 21),
(149, 133, 31, 21),
(150, 79, 31, 23),
(151, 73, 31, 22);

-- --------------------------------------------------------

--
-- Structure de la table `secteur`
--

CREATE TABLE `secteur` (
  `idSecteur` int(11) NOT NULL,
  `numSecteur` int(11) NOT NULL
) ENGINE=InnoDB DEFAULT CHARSET=utf8;

--
-- Déchargement des données de la table `secteur`
--

INSERT INTO `secteur` (`idSecteur`, `numSecteur`) VALUES
(1, 1),
(2, 2),
(3, 3),
(4, 4),
(5, 5);

-- --------------------------------------------------------

--
-- Structure de la table `suivi`
--

CREATE TABLE `suivi` (
  `idSuivi` int(11) NOT NULL,
  `idPro` int(11) NOT NULL,
  `sujet` varchar(300) NOT NULL,
  `dateCreation` int(11) NOT NULL
) ENGINE=InnoDB DEFAULT CHARSET=utf8;

-- --------------------------------------------------------

--
-- Structure de la table `user`
--

CREATE TABLE `user` (
  `idUser` int(11) NOT NULL,
  `nomUser` varchar(200) NOT NULL,
  `emailUser` varchar(300) NOT NULL,
  `typeCpt` int(1) NOT NULL,
  `login` varchar(20) NOT NULL,
  `pw` varchar(255) NOT NULL
) ENGINE=InnoDB DEFAULT CHARSET=utf8;

--
-- Déchargement des données de la table `user`
--

INSERT INTO `user` (`idUser`, `nomUser`, `emailUser`, `typeCpt`, `login`, `pw`) VALUES
(1, 'نضال الطرهوني', 'nidtar123@gmail.com', 1, 't.nidhal', '$2y$12$w47adqQpQIPgDZyZ41Dq4.bTBvXFi151ZXyZx9iPa7H9w1qoO2NDq'),
(2, 'إنصاف زمزم', 'insaf.zemzem2017@gmail.com', 3, 'z.insaf', '$2a$12$lGn3iLidUjOiPHVrW98ZSuZew9aZU6L5uVdawJHzKmrKTrP4NXJiO'),
(3, 'سفيان الخياري', 'sofian.khiari@pm.gov.tn', 3, 's.khiari', '$2y$12$LQv3c1yqjLVMwdfbqQXH/ubhBJ8K9bZQq8WJZ7.5qNLHh5sJxWpDC$2y$12$PkyoPQSAQ/ssivQVcABShOTr1oFPrpbLGR.gxKNZO4WLjSOdaik.S'),
(4, 'منى بن حسن', 'mouna.benhassen@pm.gov.tn', 3, 'm.benhassen', '$2y$12$dOJD2UpzQpvqgkcLsVJzTu7cIojj.7QB8zWSXgCnwUtM0jBGQ/2lq'),
(12, 'أمال سلايمي', 'amel.slaimi@pm.gov.tn', 2, 's.amel', '$2a$12$uHAlNQlTQXd6.O1SBjzKv.NAGT8cr3.dpkAjd0UsTiyhYCu9vYBGS');

--
-- Index pour les tables déchargées
--

--
-- Index pour la table `appeloffre`
--
ALTER TABLE `appeloffre`
  ADD PRIMARY KEY (`idApp`),
  ADD KEY `idPro` (`idPro`);

--
-- Index pour la table `commission`
--
ALTER TABLE `commission`
  ADD PRIMARY KEY (`idCom`);

--
-- Index pour la table `document`
--
ALTER TABLE `document`
  ADD PRIMARY KEY (`idDoc`),
  ADD KEY `idx_document_idPro` (`idPro`);

--
-- Index pour la table `etablissement`
--
ALTER TABLE `etablissement`
  ADD PRIMARY KEY (`idEtablissement`),
  ADD KEY `idMinistere` (`idMinistere`),
  ADD KEY `idGouvernement` (`idGouvernement`);

--
-- Index pour la table `fournisseur`
--
ALTER TABLE `fournisseur`
  ADD PRIMARY KEY (`idFour`);

--
-- Index pour la table `gouvernorat`
--
ALTER TABLE `gouvernorat`
  ADD PRIMARY KEY (`idGov`),
  ADD KEY `idSecteur` (`idSecteur`);

--
-- Index pour la table `journal`
--
ALTER TABLE `journal`
  ADD PRIMARY KEY (`idJournal`);

--
-- Index pour la table `lot`
--
ALTER TABLE `lot`
  ADD PRIMARY KEY (`lidLot`),
  ADD KEY `idFournisseur` (`idFournisseur`),
  ADD KEY `idAppelOffre` (`idAppelOffre`);

--
-- Index pour la table `ministere`
--
ALTER TABLE `ministere`
  ADD PRIMARY KEY (`idMinistere`),
  ADD KEY `idGov` (`idGov`);

--
-- Index pour la table `projet`
--
ALTER TABLE `projet`
  ADD PRIMARY KEY (`idPro`),
  ADD KEY `idEtab` (`idEtab`),
  ADD KEY `idMinistere` (`idMinistere`),
  ADD KEY `idUser` (`idUser`),
  ADD KEY `id_Gov` (`id_Gov`);

--
-- Index pour la table `projetcommission`
--
ALTER TABLE `projetcommission`
  ADD PRIMARY KEY (`idPc`),
  ADD KEY `idCom` (`idCom`),
  ADD KEY `idPro` (`idPro`);

--
-- Index pour la table `secteur`
--
ALTER TABLE `secteur`
  ADD PRIMARY KEY (`idSecteur`);

--
-- Index pour la table `suivi`
--
ALTER TABLE `suivi`
  ADD PRIMARY KEY (`idSuivi`);

--
-- Index pour la table `user`
--
ALTER TABLE `user`
  ADD PRIMARY KEY (`idUser`);

--
-- AUTO_INCREMENT pour les tables déchargées
--

--
-- AUTO_INCREMENT pour la table `appeloffre`
--
ALTER TABLE `appeloffre`
  MODIFY `idApp` int(11) NOT NULL AUTO_INCREMENT, AUTO_INCREMENT=11;

--
-- AUTO_INCREMENT pour la table `commission`
--
ALTER TABLE `commission`
  MODIFY `idCom` int(11) NOT NULL AUTO_INCREMENT, AUTO_INCREMENT=32;

--
-- AUTO_INCREMENT pour la table `document`
--
ALTER TABLE `document`
  MODIFY `idDoc` int(11) NOT NULL AUTO_INCREMENT, AUTO_INCREMENT=348;

--
-- AUTO_INCREMENT pour la table `etablissement`
--
ALTER TABLE `etablissement`
  MODIFY `idEtablissement` int(11) NOT NULL AUTO_INCREMENT, AUTO_INCREMENT=67;

--
-- AUTO_INCREMENT pour la table `fournisseur`
--
ALTER TABLE `fournisseur`
  MODIFY `idFour` int(11) NOT NULL AUTO_INCREMENT, AUTO_INCREMENT=13;

--
-- AUTO_INCREMENT pour la table `gouvernorat`
--
ALTER TABLE `gouvernorat`
  MODIFY `idGov` int(11) NOT NULL AUTO_INCREMENT, AUTO_INCREMENT=25;

--
-- AUTO_INCREMENT pour la table `journal`
--
ALTER TABLE `journal`
  MODIFY `idJournal` int(11) NOT NULL AUTO_INCREMENT, AUTO_INCREMENT=694;

--
-- AUTO_INCREMENT pour la table `lot`
--
ALTER TABLE `lot`
  MODIFY `lidLot` int(11) NOT NULL AUTO_INCREMENT, AUTO_INCREMENT=48;

--
-- AUTO_INCREMENT pour la table `ministere`
--
ALTER TABLE `ministere`
  MODIFY `idMinistere` int(11) NOT NULL AUTO_INCREMENT, AUTO_INCREMENT=26;

--
-- AUTO_INCREMENT pour la table `projet`
--
ALTER TABLE `projet`
  MODIFY `idPro` int(11) NOT NULL AUTO_INCREMENT, AUTO_INCREMENT=142;

--
-- AUTO_INCREMENT pour la table `projetcommission`
--
ALTER TABLE `projetcommission`
  MODIFY `idPc` int(11) NOT NULL AUTO_INCREMENT, AUTO_INCREMENT=152;

--
-- AUTO_INCREMENT pour la table `secteur`
--
ALTER TABLE `secteur`
  MODIFY `idSecteur` int(11) NOT NULL AUTO_INCREMENT, AUTO_INCREMENT=9;

--
-- AUTO_INCREMENT pour la table `suivi`
--
ALTER TABLE `suivi`
  MODIFY `idSuivi` int(11) NOT NULL AUTO_INCREMENT;

--
-- AUTO_INCREMENT pour la table `user`
--
ALTER TABLE `user`
  MODIFY `idUser` int(11) NOT NULL AUTO_INCREMENT, AUTO_INCREMENT=14;

--
-- Contraintes pour les tables déchargées
--

--
-- Contraintes pour la table `appeloffre`
--
ALTER TABLE `appeloffre`
  ADD CONSTRAINT `appeloffre_ibfk_1` FOREIGN KEY (`idPro`) REFERENCES `projet` (`idPro`);

--
-- Contraintes pour la table `document`
--
ALTER TABLE `document`
  ADD CONSTRAINT `document_ibfk_1` FOREIGN KEY (`idPro`) REFERENCES `projet` (`idPro`) ON DELETE CASCADE;

--
-- Contraintes pour la table `etablissement`
--
ALTER TABLE `etablissement`
  ADD CONSTRAINT `etablissement_ibfk_1` FOREIGN KEY (`idMinistere`) REFERENCES `ministere` (`idMinistere`),
  ADD CONSTRAINT `etablissement_ibfk_2` FOREIGN KEY (`idGouvernement`) REFERENCES `gouvernorat` (`idGov`);

--
-- Contraintes pour la table `gouvernorat`
--
ALTER TABLE `gouvernorat`
  ADD CONSTRAINT `gouvernorat_ibfk_1` FOREIGN KEY (`idSecteur`) REFERENCES `secteur` (`idSecteur`);

--
-- Contraintes pour la table `lot`
--
ALTER TABLE `lot`
  ADD CONSTRAINT `lot_ibfk_1` FOREIGN KEY (`idFournisseur`) REFERENCES `fournisseur` (`idFour`),
  ADD CONSTRAINT `lot_ibfk_2` FOREIGN KEY (`idAppelOffre`) REFERENCES `appeloffre` (`idApp`);

--
-- Contraintes pour la table `ministere`
--
ALTER TABLE `ministere`
  ADD CONSTRAINT `ministere_ibfk_1` FOREIGN KEY (`idGov`) REFERENCES `gouvernorat` (`idGov`);

--
-- Contraintes pour la table `projet`
--
ALTER TABLE `projet`
  ADD CONSTRAINT `projet_ibfk_1` FOREIGN KEY (`idEtab`) REFERENCES `etablissement` (`idEtablissement`),
  ADD CONSTRAINT `projet_ibfk_2` FOREIGN KEY (`idMinistere`) REFERENCES `ministere` (`idMinistere`),
  ADD CONSTRAINT `projet_ibfk_3` FOREIGN KEY (`idUser`) REFERENCES `user` (`idUser`),
  ADD CONSTRAINT `projet_ibfk_4` FOREIGN KEY (`id_Gov`) REFERENCES `gouvernorat` (`idGov`);

--
-- Contraintes pour la table `projetcommission`
--
ALTER TABLE `projetcommission`
  ADD CONSTRAINT `projetcommission_ibfk_1` FOREIGN KEY (`idCom`) REFERENCES `commission` (`idCom`),
  ADD CONSTRAINT `projetcommission_ibfk_2` FOREIGN KEY (`idPro`) REFERENCES `projet` (`idPro`);
COMMIT;

/*!40101 SET CHARACTER_SET_CLIENT=@OLD_CHARACTER_SET_CLIENT */;
/*!40101 SET CHARACTER_SET_RESULTS=@OLD_CHARACTER_SET_RESULTS */;
/*!40101 SET COLLATION_CONNECTION=@OLD_COLLATION_CONNECTION */;
